zeitraum,von,bis,messstelle,aenderung_m
A_trockenes_fruehjahr,2025-03-01,2025-04-30,gwm21-23-op,-0.062
A_trockenes_fruehjahr,2025-03-01,2025-04-30,gwm41-22-op,-0.081
A_trockenes_fruehjahr,2025-03-01,2025-04-30,gwm45-23-op,-0.085
A_trockenes_fruehjahr,2025-03-01,2025-04-30,gwm36-23-op,-0.119
A_trockenes_fruehjahr,2025-03-01,2025-04-30,gwm29-22a-mp,-0.251
A_trockenes_fruehjahr,2025-03-01,2025-04-30,gwm30-22-op,-0.431
A_trockenes_fruehjahr,2025-03-01,2025-04-30,gwm42-22-op,-0.247
A_trockenes_fruehjahr,2025-03-01,2025-04-30,gwm32-22-op,-1.229
A_trockenes_fruehjahr,2025-03-01,2025-04-30,MEDIAN,-0.183
B_nach_nassem_juli,2025-07-10,2025-08-20,gwm21-23-op,0.005
B_nach_nassem_juli,2025-07-10,2025-08-20,gwm41-22-op,0.053
B_nach_nassem_juli,2025-07-10,2025-08-20,gwm45-23-op,0.087
B_nach_nassem_juli,2025-07-10,2025-08-20,gwm36-23-op,0.086
B_nach_nassem_juli,2025-07-10,2025-08-20,gwm29-22a-mp,0.105
B_nach_nassem_juli,2025-07-10,2025-08-20,gwm30-22-op,0.145
B_nach_nassem_juli,2025-07-10,2025-08-20,gwm42-22-op,0.017
B_nach_nassem_juli,2025-07-10,2025-08-20,gwm32-22-op,0.334
B_nach_nassem_juli,2025-07-10,2025-08-20,MEDIAN,0.0865
C_nach_19_april_2026,2026-04-19,2026-06-19,gwm21-23-op,0.039
C_nach_19_april_2026,2026-04-19,2026-06-19,gwm41-22-op,0.024
C_nach_19_april_2026,2026-04-19,2026-06-19,gwm45-23-op,-0.011
C_nach_19_april_2026,2026-04-19,2026-06-19,gwm36-23-op,0.027
C_nach_19_april_2026,2026-04-19,2026-06-19,gwm29-22a-mp,0.102
C_nach_19_april_2026,2026-04-19,2026-06-19,gwm30-22-op,0.349
C_nach_19_april_2026,2026-04-19,2026-06-19,gwm42-22-op,0.362
C_nach_19_april_2026,2026-04-19,2026-06-19,gwm32-22-op,1.359
C_nach_19_april_2026,2026-04-19,2026-06-19,MEDIAN,0.0705
gesamt,2025-03-01,2026-09-22,gwm21-23-op,-0.398
gesamt,2025-03-01,2026-09-22,gwm41-22-op,-0.344
gesamt,2025-03-01,2026-09-22,gwm45-23-op,-0.387
gesamt,2025-03-01,2026-09-22,gwm36-23-op,-0.452
gesamt,2025-03-01,2026-09-22,gwm29-22a-mp,-0.581
gesamt,2025-03-01,2026-09-22,gwm30-22-op,-0.676
gesamt,2025-03-01,2026-09-22,gwm42-22-op,-0.376
gesamt,2025-03-01,2026-09-22,gwm32-22-op,-1.312
gesamt,2025-03-01,2026-09-22,MEDIAN,-0.425
