verschiebung_tage,r_mittelwert,r_median,r_je_messstelle_median
0,0.403,0.518,0.313
1,0.42,0.543,0.336
2,0.433,0.561,0.355
3,0.449,0.582,0.379
4,0.462,0.6,0.397
5,0.473,0.614,0.409
6,0.482,0.623,0.419
7,0.49,0.63,0.426
8,0.494,0.631,0.429
9,0.497,0.632,0.431
10,0.5,0.633,0.431
11,0.501,0.629,0.421
12,0.501,0.623,0.4
13,0.499,0.612,0.377
14,0.496,0.601,0.369
15,0.491,0.587,0.36
16,0.485,0.573,0.355
17,0.475,0.554,0.358
18,0.464,0.534,0.359
19,0.452,0.512,0.358
20,0.437,0.486,0.34
21,0.424,0.463,0.323
22,0.411,0.441,0.307
23,0.396,0.416,0.288
24,0.379,0.387,0.267
25,0.363,0.359,0.247
26,0.346,0.33,0.225
27,0.329,0.302,0.204
28,0.313,0.276,0.183
29,0.296,0.252,0.161
30,0.28,0.227,0.141
31,0.265,0.204,0.121
32,0.253,0.188,0.106
33,0.24,0.172,0.091
34,0.228,0.156,0.076
35,0.215,0.142,0.061
36,0.203,0.13,0.047
37,0.193,0.122,0.036
38,0.185,0.117,0.028
39,0.176,0.11,0.019
40,0.167,0.102,0.009
41,0.157,0.093,0.001
42,0.148,0.085,-0.007
