time_index,gwm1-16,gwm21-23-op,gwm29-22a-mp,gwm30-22-op,gwm32-22-op,gwm36-23-op,gwm41-22-op,gwm42-22-op,gwm45-23-op,gwm5-95
2025-03-01 00:00:00+00:00,31.426000000000002,32.124,29.611,29.156000000000002,28.307,30.294,31.027,28.812,30.485999999999997,
2025-03-02 00:00:00+00:00,31.409000000000002,32.107,29.595,29.143,28.287999999999997,30.276,31.018,28.796,30.47,29.556
2025-03-03 00:00:00+00:00,31.407000000000004,,29.598,29.141000000000002,,30.278,31.022,28.796,30.471999999999998,29.559
2025-03-04 00:00:00+00:00,31.418000000000003,32.121,29.612,29.141000000000002,28.278999999999996,30.289,31.028,28.8,,29.567
2025-03-05 00:00:00+00:00,31.421000000000003,32.124,29.608999999999998,,28.266,30.292,31.029,28.8,30.485999999999997,29.566000000000003
2025-03-06 00:00:00+00:00,31.423000000000002,32.125,29.607,29.134,28.254999999999995,30.292,31.026,28.796,30.485999999999997,29.564
2025-03-07 00:00:00+00:00,31.426000000000002,32.13,29.608999999999998,29.131,28.247999999999998,30.296,31.026,28.798000000000002,30.490999999999996,29.567
2025-03-08 00:00:00+00:00,31.423000000000002,,29.6,,28.235999999999997,30.292,31.023,28.795,30.487999999999996,29.561
2025-03-09 00:00:00+00:00,31.430000000000003,32.134,29.602999999999998,29.126,28.226999999999997,30.296,31.024,28.795,30.492999999999995,29.565
2025-03-10 00:00:00+00:00,31.446000000000005,32.151,29.622999999999998,29.133000000000003,28.220999999999997,30.314,31.033,28.806,30.510999999999996,29.578000000000003
2025-03-11 00:00:00+00:00,31.453000000000003,32.157000000000004,29.624,29.130000000000003,28.214999999999996,30.319,31.037,28.809,30.516999999999996,29.580000000000002
2025-03-12 00:00:00+00:00,31.450000000000003,32.15,29.607,29.12,28.199999999999996,30.308,31.029,28.798000000000002,30.507999999999996,29.57
2025-03-13 00:00:00+00:00,31.450000000000003,32.148,29.6,29.115000000000002,28.188999999999997,30.306,31.027,28.794,30.504999999999995,29.567
2025-03-14 00:00:00+00:00,31.452000000000005,32.151,29.6,29.111,28.174,30.306,31.025,28.792,30.506999999999998,29.567
2025-03-15 00:00:00+00:00,31.426000000000002,32.125,29.567,29.099000000000004,28.150999999999996,30.276,31.011,28.773,30.477999999999998,29.546
2025-03-16 00:00:00+00:00,31.402,32.101,29.547,29.083000000000002,28.121999999999996,30.253,31.000999999999998,28.757,30.452999999999996,29.539
2025-03-17 00:00:00+00:00,31.406000000000002,32.108000000000004,29.555,29.082,28.098,30.259999999999998,31.000999999999998,28.758000000000003,30.459999999999997,29.543
2025-03-18 00:00:00+00:00,31.382000000000005,32.081,29.527,29.067,28.058999999999997,30.238,30.991,28.742,30.436999999999998,29.53
2025-03-19 00:00:00+00:00,31.385000000000005,32.086,29.534,29.062,28.025999999999996,30.241,30.991,,30.440999999999995,29.534000000000002
2025-03-20 00:00:00+00:00,31.393000000000004,32.097,29.541,29.060000000000002,27.988,30.25,30.999,28.745,30.451999999999998,29.539
2025-03-21 00:00:00+00:00,31.400000000000002,32.106,29.544999999999998,29.055,27.951999999999998,30.256999999999998,30.994999999999997,28.746000000000002,30.458,29.543
2025-03-22 00:00:00+00:00,31.403000000000002,32.108000000000004,29.541999999999998,29.052,27.921,30.256,30.994,28.743000000000002,30.458,29.541
2025-03-23 00:00:00+00:00,31.416000000000004,32.122,29.553,29.052,27.895999999999997,30.269,30.997999999999998,28.75,30.468999999999998,29.551000000000002
2025-03-24 00:00:00+00:00,31.424000000000003,32.127,29.552,29.047,27.874999999999996,30.273,31.000999999999998,28.749000000000002,30.471999999999998,29.554000000000002
2025-03-25 00:00:00+00:00,31.408,32.109,29.523,29.033,27.845,30.252,30.991,28.735,30.452999999999996,29.536
2025-03-26 00:00:00+00:00,31.396000000000004,32.1,29.514,29.025000000000002,27.811999999999998,30.24,30.985,28.727,30.442999999999998,
2025-03-27 00:00:00+00:00,31.392000000000003,32.093,29.506999999999998,29.016000000000002,27.775999999999996,30.233,30.982,28.722,30.437999999999995,
2025-03-28 00:00:00+00:00,31.387000000000004,32.089,29.506,29.008000000000003,27.74,30.231,30.98,28.719,30.435999999999996,29.529000000000003
2025-03-29 00:00:00+00:00,31.404000000000003,32.113,29.529,29.01,27.706999999999997,30.253,30.99,28.728,30.458,29.547
2025-03-30 00:00:00+00:00,31.396000000000004,32.099000000000004,29.502,28.994,27.673,30.24,30.982,28.715,30.444999999999997,29.531000000000002
2025-03-31 00:00:00+00:00,31.414,32.117000000000004,29.528,28.995,27.642999999999997,30.255,30.991,28.726,30.461999999999996,29.548000000000002
2025-04-01 00:00:00+00:00,31.375000000000004,32.074,29.477,28.975,27.605999999999998,30.219,30.974,28.702,30.424999999999997,29.518
2025-04-02 00:00:00+00:00,31.366000000000003,32.071,29.477,28.963,27.576999999999998,30.215,30.976,28.698,30.420999999999996,29.518
2025-04-03 00:00:00+00:00,31.371000000000002,32.076,29.482,28.956000000000003,27.551,30.218,30.976,28.696,30.424999999999997,29.522000000000002
2025-04-04 00:00:00+00:00,31.369000000000003,32.077,29.477,28.948,27.522,30.218,30.974,28.693,30.422999999999995,29.519000000000002
2025-04-05 00:00:00+00:00,31.385000000000005,32.094,29.489,28.944000000000003,27.496999999999996,30.233,30.980999999999998,28.695,30.438999999999997,29.528000000000002
2025-04-06 00:00:00+00:00,31.384000000000004,32.088,29.473,28.934,27.473,30.227,30.974999999999998,28.688000000000002,30.433999999999997,29.520000000000003
2025-04-07 00:00:00+00:00,31.371000000000002,32.074,29.465,28.922,27.445999999999998,30.214,30.969,28.681,30.422999999999995,29.516000000000002
2025-04-08 00:00:00+00:00,31.371000000000002,32.076,29.46,28.913000000000004,27.424999999999997,30.213,30.967,28.677,30.422999999999995,29.513
2025-04-09 00:00:00+00:00,31.365000000000002,32.07,29.455,28.904000000000003,27.401999999999997,30.208,30.964,28.671,30.416999999999998,29.51
2025-04-10 00:00:00+00:00,31.379000000000005,32.085,29.462,28.897000000000002,27.377999999999997,30.221,30.97,28.67,30.430999999999997,29.516000000000002
2025-04-11 00:00:00+00:00,31.369000000000003,32.078,29.448999999999998,28.886000000000003,27.351999999999997,30.21,30.965,28.664,30.422999999999995,29.508000000000003
2025-04-12 00:00:00+00:00,31.384000000000004,32.09,29.455,28.880000000000003,27.326999999999998,30.223,30.97,28.661,30.434999999999995,29.511000000000003
2025-04-13 00:00:00+00:00,31.382000000000005,32.092,29.451999999999998,28.873,27.304999999999996,30.221,30.967,28.661,30.436999999999998,29.51
2025-04-14 00:00:00+00:00,31.398000000000003,32.108000000000004,29.463,28.867,27.284,30.237,30.974999999999998,28.66,30.450999999999997,29.516000000000002
2025-04-15 00:00:00+00:00,31.380000000000003,32.087,29.436,28.854000000000003,27.258999999999997,30.212,30.963,28.648,30.428999999999995,29.499000000000002
2025-04-16 00:00:00+00:00,31.395000000000003,32.104,29.451,28.851000000000003,27.243999999999996,30.23,30.972,28.651,30.445999999999998,
2025-04-17 00:00:00+00:00,31.372000000000003,32.083,29.426,28.837000000000003,27.22,30.206,30.962,28.639000000000003,30.425999999999995,29.495
2025-04-18 00:00:00+00:00,31.379000000000005,32.09,29.427,28.831000000000003,27.198999999999998,30.211,30.961,28.635,30.430999999999997,29.495
2025-04-19 00:00:00+00:00,31.367000000000004,32.072,29.411,28.817,27.177,30.198,30.955,28.625,30.415999999999997,29.487000000000002
2025-04-20 00:00:00+00:00,31.368000000000002,32.072,29.411,28.810000000000002,27.157999999999998,30.198,30.958,28.623,30.418999999999997,29.486
2025-04-21 00:00:00+00:00,31.371000000000002,32.081,29.415,28.804000000000002,27.148999999999997,30.204,30.972,28.62,30.429999999999996,29.487000000000002
2025-04-22 00:00:00+00:00,31.360000000000003,32.066,29.4,28.792,27.134999999999998,30.192999999999998,30.969,28.611,30.413999999999998,29.479
2025-04-23 00:00:00+00:00,31.352000000000004,32.06,29.391,28.783,27.125999999999998,30.187,30.964,28.603,30.406999999999996,29.474
2025-04-24 00:00:00+00:00,31.359,32.067,29.394,28.776000000000003,27.113999999999997,30.191,30.963,28.601,30.412999999999997,29.477
2025-04-25 00:00:00+00:00,31.359,32.068,29.389,28.766000000000002,27.104,30.189,30.964,28.595,30.414999999999996,29.472
2025-04-26 00:00:00+00:00,31.351000000000003,32.057,29.377,28.759,27.095999999999997,30.181,30.957,28.586000000000002,30.404999999999998,29.467000000000002
2025-04-27 00:00:00+00:00,31.345000000000002,32.054,29.369999999999997,28.747,27.083999999999996,30.176000000000002,30.953,28.580000000000002,30.397999999999996,
2025-04-28 00:00:00+00:00,31.344,32.055,29.367,28.739,27.081999999999997,30.175,30.951,28.574,30.397999999999996,29.46
2025-04-29 00:00:00+00:00,31.348000000000003,32.061,29.365,28.734,27.083,30.177,30.95,28.57,30.401999999999997,29.459000000000003
2025-04-30 00:00:00+00:00,31.349000000000004,32.062,29.36,28.725,27.077999999999996,30.175,30.945999999999998,28.565,30.400999999999996,29.456000000000003
2025-05-01 00:00:00+00:00,31.353,,29.358,28.721000000000004,27.073999999999998,30.176000000000002,30.947,28.562,30.404999999999998,29.454
2025-05-02 00:00:00+00:00,31.353,32.064,29.357,28.713,27.075999999999997,30.178,30.945999999999998,28.557000000000002,30.406999999999996,29.453000000000003
2025-05-03 00:00:00+00:00,31.370000000000005,32.08,29.363,28.711000000000002,27.083,30.192999999999998,30.953,28.556,30.419999999999998,29.454
2025-05-04 00:00:00+00:00,31.375000000000004,32.082,29.358999999999998,28.708000000000002,27.092,30.191,30.951999999999998,28.552,30.423999999999996,29.452
2025-05-05 00:00:00+00:00,31.367000000000004,32.069,29.339,28.697000000000003,,30.177,30.944,28.542,30.410999999999998,29.442
2025-05-06 00:00:00+00:00,31.345000000000002,32.052,29.329,28.688000000000002,27.11,30.166,30.939,28.533,30.394,29.436
2025-05-07 00:00:00+00:00,31.35,32.057,29.332,28.685000000000002,27.123999999999995,30.168,30.939,28.531,30.398999999999997,29.436
2025-05-08 00:00:00+00:00,31.347,32.050000000000004,29.322,28.678,27.129999999999995,30.16,30.933999999999997,28.523,30.389999999999997,29.429000000000002
2025-05-09 00:00:00+00:00,31.349000000000004,32.051,29.317999999999998,28.673000000000002,27.133999999999997,30.16,30.932,28.519000000000002,30.388999999999996,29.425
2025-05-10 00:00:00+00:00,31.341,32.047000000000004,29.313,28.667,27.145999999999997,30.156,30.93,28.513,30.385999999999996,29.42
2025-05-11 00:00:00+00:00,31.340000000000003,32.045,29.306,28.663000000000004,27.154999999999998,30.152,30.927999999999997,28.507,30.381999999999998,29.417
2025-05-12 00:00:00+00:00,31.345000000000002,32.050000000000004,,28.661,27.165,30.156,30.927999999999997,28.505000000000003,30.384999999999998,29.415000000000003
2025-05-13 00:00:00+00:00,31.343000000000004,32.048,29.301,28.657000000000004,27.174,30.15,30.926,28.499000000000002,30.380999999999997,29.41
2025-05-14 00:00:00+00:00,31.343000000000004,32.047000000000004,29.298,28.653000000000002,27.182,30.148,30.921999999999997,28.495,30.377999999999997,29.407000000000004
2025-05-15 00:00:00+00:00,31.357000000000003,32.06,29.306,28.655,27.192999999999998,30.16,30.927999999999997,28.496000000000002,30.389999999999997,29.407000000000004
2025-05-16 00:00:00+00:00,31.345000000000002,32.041000000000004,29.28,28.645000000000003,27.191999999999997,30.141,30.918999999999997,28.483,30.368999999999996,29.398000000000003
2025-05-17 00:00:00+00:00,31.349000000000004,32.047000000000004,29.284,28.643,27.198999999999998,30.144,30.918999999999997,28.481,30.373999999999995,29.394000000000002
2025-05-18 00:00:00+00:00,31.352000000000004,32.045,29.28,28.642000000000003,27.211999999999996,30.144,30.916999999999998,28.477,30.371999999999996,29.389000000000003
2025-05-19 00:00:00+00:00,31.348000000000003,32.045,29.276,28.639000000000003,27.224999999999998,30.137999999999998,30.913999999999998,28.471,30.367999999999995,29.388
2025-05-20 00:00:00+00:00,31.335000000000004,32.033,29.264,28.633000000000003,27.241999999999997,30.125999999999998,,28.463,30.356999999999996,29.380000000000003
2025-05-21 00:00:00+00:00,31.339000000000002,32.044000000000004,29.273,28.637,27.257999999999996,30.134999999999998,30.913,28.465,30.365999999999996,
2025-05-22 00:00:00+00:00,31.358000000000004,32.052,29.278,28.639000000000003,27.273999999999997,30.141,30.913999999999998,28.463,30.369999999999997,29.379
2025-05-23 00:00:00+00:00,31.358000000000004,32.052,29.265,28.634,27.278999999999996,30.13,30.911,28.457,30.359999999999996,29.362000000000002
2025-05-24 00:00:00+00:00,31.345000000000002,32.04,29.253,28.627000000000002,27.278999999999996,30.119,30.908,28.448,30.351,29.354
2025-05-25 00:00:00+00:00,31.343000000000004,32.039,29.253,28.627000000000002,27.282999999999998,30.117,30.907,28.445,30.348,29.35
2025-05-26 00:00:00+00:00,31.354000000000003,32.047000000000004,29.256999999999998,28.631,27.294999999999998,30.124,30.909,28.444000000000003,30.355999999999998,29.35
2025-05-27 00:00:00+00:00,31.337000000000003,32.034,29.244999999999997,28.625,27.302999999999997,30.11,30.903,28.436,30.343999999999998,29.342000000000002
2025-05-28 00:00:00+00:00,31.335000000000004,32.033,29.243,28.625,27.310999999999996,30.11,,28.433,30.343999999999998,29.351000000000003
2025-05-29 00:00:00+00:00,31.347,32.045,29.249,28.630000000000003,27.322999999999997,30.12,30.907,28.43,30.351999999999997,29.35
2025-05-30 00:00:00+00:00,31.328000000000003,32.03,29.236,28.623,27.324999999999996,30.1,30.9,28.422,30.334999999999997,29.343000000000004
2025-05-31 00:00:00+00:00,31.332000000000004,32.033,29.241,28.629,27.328999999999997,30.103,30.913999999999998,28.421,30.337999999999997,29.342000000000002
2025-06-01 00:00:00+00:00,31.328000000000003,32.029,29.24,28.629,27.331999999999997,30.1,30.905,28.418,30.336,29.340000000000003
2025-06-02 00:00:00+00:00,31.340000000000003,32.041000000000004,29.252,28.635,27.339,30.112000000000002,30.907,28.42,30.348,29.345000000000002
2025-06-03 00:00:00+00:00,31.331000000000003,32.028,29.236,28.630000000000003,27.343999999999998,30.099,30.898,28.414,30.334999999999997,29.338
2025-06-04 00:00:00+00:00,31.329000000000004,,29.238,28.633000000000003,,30.102,30.897,28.413,30.337999999999997,29.337000000000003
2025-06-05 00:00:00+00:00,31.338,32.035000000000004,29.243,28.637,27.363999999999997,30.105,30.895,28.412,30.339999999999996,
2025-06-06 00:00:00+00:00,31.327000000000005,32.024,29.230999999999998,28.632,27.371999999999996,30.093,30.893,28.406,30.328999999999997,29.330000000000002
2025-06-07 00:00:00+00:00,31.329000000000004,32.024,29.227999999999998,28.636000000000003,27.377999999999997,30.093,30.89,28.401,30.328999999999997,29.325000000000003
2025-06-08 00:00:00+00:00,31.329000000000004,32.025,29.229,28.635,27.380999999999997,30.094,30.887,28.401,30.327999999999996,29.322000000000003
2025-06-09 00:00:00+00:00,31.329000000000004,32.029,29.230999999999998,28.639000000000003,27.386999999999997,30.092,30.896,28.398,30.327999999999996,29.323
2025-06-10 00:00:00+00:00,31.312000000000005,32.010000000000005,29.214,28.627000000000002,27.389999999999997,30.075,30.896,28.389000000000003,30.311999999999998,29.314
2025-06-11 00:00:00+00:00,31.337000000000003,32.034,29.244999999999997,28.645000000000003,27.406,30.099,30.916,28.400000000000002,30.337999999999997,29.332
2025-06-12 00:00:00+00:00,31.311000000000003,32.011,29.216,28.637,27.418999999999997,30.075,30.907,28.387,30.313999999999997,29.315
2025-06-13 00:00:00+00:00,31.309000000000005,32.010000000000005,29.218,28.639000000000003,27.432,30.073999999999998,30.901,28.385,30.312999999999995,29.315
2025-06-14 00:00:00+00:00,31.306000000000004,32.007000000000005,29.213,28.637,27.444999999999997,30.073,30.894,28.383000000000003,30.308999999999997,
2025-06-15 00:00:00+00:00,31.315000000000005,32.016000000000005,29.226,28.646,27.462999999999997,30.084,30.893,28.387,30.317999999999998,29.317
2025-06-16 00:00:00+00:00,31.322000000000003,32.02,29.229,28.653000000000002,27.476999999999997,30.09,30.894,28.389000000000003,30.318999999999996,29.316000000000003
2025-06-17 00:00:00+00:00,31.304000000000002,32.0,29.206,28.642000000000003,27.487,30.067,,28.379,30.299999999999997,29.305
2025-06-18 00:00:00+00:00,31.303000000000004,32.002,29.209,28.645000000000003,27.497999999999998,30.069,30.878999999999998,28.379,30.301999999999996,29.304000000000002
2025-06-19 00:00:00+00:00,31.306000000000004,32.003,29.21,28.650000000000002,27.506999999999998,30.072,30.877,28.379,30.299999999999997,29.302
2025-06-20 00:00:00+00:00,31.298000000000002,31.995,29.2,28.645000000000003,27.506999999999998,30.063,30.872999999999998,28.374000000000002,30.291999999999998,29.298000000000002
2025-06-21 00:00:00+00:00,31.297000000000004,31.993000000000002,29.201,28.645000000000003,27.514999999999997,30.061,30.868,28.375,30.290999999999997,29.296
2025-06-22 00:00:00+00:00,31.299000000000003,31.998,29.207,28.649,27.526999999999997,30.066,30.868,28.378,30.293999999999997,
2025-06-23 00:00:00+00:00,31.308000000000003,32.007000000000005,29.217,28.656000000000002,27.531,30.076,30.868,28.384,30.299999999999997,
2025-06-24 00:00:00+00:00,31.322000000000003,32.018,29.229,28.665000000000003,27.531,30.086,30.872999999999998,28.391000000000002,30.306999999999995,29.298000000000002
2025-06-25 00:00:00+00:00,31.305000000000003,31.997,29.201999999999998,28.655,27.520999999999997,30.064,30.863999999999997,28.379,30.285999999999998,29.289
2025-06-26 00:00:00+00:00,31.295,31.990000000000002,29.195999999999998,28.654000000000003,27.520999999999997,30.057,30.858999999999998,28.376,30.279999999999998,29.283
2025-06-27 00:00:00+00:00,31.298000000000002,31.996000000000002,29.207,28.655,27.525,30.064,30.858999999999998,28.379,30.287,29.287000000000003
2025-06-28 00:00:00+00:00,31.284000000000002,31.979,29.182,28.641000000000002,27.516999999999996,30.041,30.849999999999998,28.366,30.264999999999997,29.273000000000003
2025-06-29 00:00:00+00:00,31.284000000000002,31.983,29.189,28.642000000000003,27.526999999999997,30.047,30.849,28.369,30.269,
2025-06-30 00:00:00+00:00,31.281000000000002,31.979,29.183999999999997,28.642000000000003,27.531999999999996,30.042,30.845,28.366,30.261999999999997,29.270000000000003
2025-07-01 00:00:00+00:00,31.28,31.976000000000003,29.181,28.637,27.528,30.038,30.841,28.363,30.259999999999998,29.267000000000003
2025-07-02 00:00:00+00:00,31.279000000000003,31.975,29.182,28.637,27.522,30.04,30.838,28.365000000000002,30.258999999999997,29.265
2025-07-03 00:00:00+00:00,31.28,31.979,29.182,28.636000000000003,27.510999999999996,30.04,30.838,28.364,30.255999999999997,29.262
2025-07-04 00:00:00+00:00,31.270000000000003,31.964000000000002,29.161,28.623,27.485999999999997,30.025,30.831,28.355,30.239999999999995,29.253
2025-07-05 00:00:00+00:00,31.269000000000002,31.963,29.163999999999998,28.619,27.465999999999998,30.023,30.826999999999998,28.355,30.238999999999997,29.251
2025-07-06 00:00:00+00:00,31.288000000000004,31.981,29.185,28.627000000000002,27.464999999999996,30.044,30.833,28.363,30.256999999999998,29.256
2025-07-07 00:00:00+00:00,31.295,31.987000000000002,29.186,28.628,27.459999999999997,30.046,30.832,28.362000000000002,30.254999999999995,29.252000000000002
2025-07-08 00:00:00+00:00,31.292,31.985,29.18,28.623,27.451999999999998,30.041,30.83,28.359,30.251999999999995,29.249000000000002
2025-07-09 00:00:00+00:00,31.267000000000003,31.961000000000002,29.155,28.611,27.436999999999998,30.015,,28.349,30.229999999999997,29.240000000000002
2025-07-10 00:00:00+00:00,31.260000000000005,31.957,29.147,28.605,27.426,30.006999999999998,,28.342,30.223,29.235
2025-07-11 00:00:00+00:00,31.257000000000005,31.954,29.145,28.602000000000004,27.413999999999998,30.003,30.811999999999998,28.341,30.22,29.232
2025-07-12 00:00:00+00:00,31.266000000000005,31.961000000000002,29.162,28.601000000000003,27.413999999999998,30.015,,28.345,30.229999999999997,29.237000000000002
2025-07-13 00:00:00+00:00,31.272000000000002,31.971000000000004,29.169,28.602000000000004,27.421,30.017,30.820999999999998,28.345,30.237999999999996,29.238
2025-07-14 00:00:00+00:00,31.261000000000003,31.965000000000003,29.166,28.599000000000004,27.427,30.006999999999998,30.825,28.34,30.232999999999997,29.232
2025-07-15 00:00:00+00:00,31.252000000000002,31.955000000000002,29.162,28.597,27.438999999999997,30.003,30.832,28.336000000000002,30.227999999999998,29.23
2025-07-16 00:00:00+00:00,31.254000000000005,31.954,29.155,28.595000000000002,27.449999999999996,30.000999999999998,30.834,28.334,30.224999999999998,29.23
2025-07-17 00:00:00+00:00,31.258000000000003,31.962000000000003,29.169,28.599000000000004,27.467,30.012,30.842,28.335,30.239999999999995,29.236
2025-07-18 00:00:00+00:00,31.253000000000004,31.953000000000003,29.165,28.597,27.473999999999997,30.003999999999998,30.842,28.330000000000002,30.239999999999995,29.233
2025-07-19 00:00:00+00:00,31.246000000000002,31.951,29.161,28.598000000000003,27.476999999999997,30.000999999999998,30.847,28.328000000000003,30.241999999999997,29.232
2025-07-20 00:00:00+00:00,31.250000000000004,31.955000000000002,29.169999999999998,28.604000000000003,27.479999999999997,30.011,30.855,28.328000000000003,30.254999999999995,29.237000000000002
2025-07-21 00:00:00+00:00,31.256000000000004,31.959000000000003,29.178,28.611,27.488,30.02,30.860999999999997,28.327,30.263999999999996,
2025-07-22 00:00:00+00:00,31.254000000000005,31.952,29.169999999999998,28.611,27.496999999999996,30.017,,28.324,30.263999999999996,29.237000000000002
2025-07-23 00:00:00+00:00,31.252000000000002,31.962000000000003,29.181,28.617,27.503999999999998,30.017,30.865,28.322000000000003,30.269999999999996,29.240000000000002
2025-07-24 00:00:00+00:00,,31.981,29.204,28.629,27.512999999999998,30.028,30.877,28.323,30.284,29.25
2025-07-25 00:00:00+00:00,31.261000000000003,31.985,29.219,28.638,27.520999999999997,30.033,30.89,28.323,30.288999999999998,
2025-07-26 00:00:00+00:00,31.268000000000004,31.982,29.227,28.647000000000002,27.534,30.045,30.898,28.326,30.296999999999997,29.264000000000003
2025-07-27 00:00:00+00:00,31.274,31.979,29.233,28.653000000000002,27.546999999999997,30.055,30.905,28.325000000000003,30.304999999999996,
2025-07-28 00:00:00+00:00,31.287000000000003,31.989,29.246,28.663000000000004,27.554999999999996,30.072,30.912,28.332,30.318999999999996,29.284000000000002
2025-07-29 00:00:00+00:00,31.290000000000003,31.984,29.244,28.667,27.554999999999996,30.073999999999998,,28.329,30.321999999999996,29.288
2025-07-30 00:00:00+00:00,31.284000000000002,31.978,29.243,28.671000000000003,27.557,30.075,30.908,28.325000000000003,30.323999999999998,29.290000000000003
2025-07-31 00:00:00+00:00,31.287000000000003,31.974,29.244999999999997,28.673000000000002,27.562999999999995,30.079,,28.324,30.326999999999998,29.294
2025-08-01 00:00:00+00:00,31.293000000000003,31.979,29.249,28.679000000000002,27.572999999999997,30.085,30.905,28.327,30.331999999999997,29.299
2025-08-02 00:00:00+00:00,31.297000000000004,31.984,29.256,28.683,27.576999999999998,30.092,30.908,28.332,30.337999999999997,29.306
2025-08-03 00:00:00+00:00,31.290000000000003,31.981,29.253999999999998,28.688000000000002,27.586999999999996,30.09,30.911,28.328000000000003,30.336999999999996,29.307000000000002
2025-08-04 00:00:00+00:00,31.284000000000002,31.970000000000002,29.25,28.689,27.598,30.085,30.913,28.323,30.331999999999997,29.305
2025-08-05 00:00:00+00:00,31.285000000000004,31.971000000000004,29.256,28.692,27.618,30.09,30.912,28.326,30.336,29.309
2025-08-06 00:00:00+00:00,31.288000000000004,31.971000000000004,29.258,28.697000000000003,27.637999999999998,30.091,30.916,28.326,30.336999999999996,29.311
2025-08-07 00:00:00+00:00,31.276000000000003,,,,27.654999999999998,,,28.323,,
2025-08-08 00:00:00+00:00,31.286,,,28.709000000000003,27.668999999999997,30.099,,28.334,30.342,29.319000000000003
2025-08-09 00:00:00+00:00,31.287000000000003,,29.27,,27.682999999999996,30.1,,28.336000000000002,,
2025-08-10 00:00:00+00:00,31.281000000000002,31.962000000000003,29.271,28.717000000000002,,30.099,30.916,,30.339,29.318
2025-08-11 00:00:00+00:00,31.266000000000005,,,28.716,27.697999999999997,,,28.330000000000002,30.321999999999996,29.309
2025-08-12 00:00:00+00:00,31.270000000000003,,29.262,28.722,,,,,,
2025-08-13 00:00:00+00:00,31.279000000000003,31.96,29.271,,27.729,30.1,30.899,28.345,30.331999999999997,29.318
2025-08-14 00:00:00+00:00,31.283,31.962000000000003,29.272,28.733,,,30.894,,30.331999999999997,
2025-08-15 00:00:00+00:00,31.274,31.952,29.262999999999998,28.735000000000003,27.747999999999998,30.095,30.886,28.349,30.321999999999996,
2025-08-16 00:00:00+00:00,31.272000000000002,31.953000000000003,29.264,28.739,27.750999999999998,30.095,30.878999999999998,28.354,30.318999999999996,29.311
2025-08-17 00:00:00+00:00,31.269000000000002,31.947000000000003,,28.739,,30.088,30.872999999999998,28.355,30.309999999999995,
2025-08-18 00:00:00+00:00,,31.945,,,,,,,30.307999999999996,
2025-08-19 00:00:00+00:00,31.258000000000003,31.949,29.252,,27.759999999999998,30.081,30.860999999999997,28.359,,
2025-08-20 00:00:00+00:00,,31.962000000000003,,28.75,,30.093,30.865,,30.309999999999995,29.315
2025-08-21 00:00:00+00:00,,31.964000000000002,,,27.775,30.093,,28.37,,29.314
2025-08-22 00:00:00+00:00,31.276000000000003,31.958000000000002,29.266,28.756,27.781,30.09,30.86,28.372,30.304999999999996,29.314
2025-08-23 00:00:00+00:00,31.258000000000003,31.94,29.25,28.755000000000003,27.781999999999996,30.073999999999998,30.848,28.368000000000002,30.287,29.305
2025-08-24 00:00:00+00:00,31.258000000000003,31.94,29.253,,27.788999999999998,30.070999999999998,30.845,28.373,30.287,29.307000000000002
2025-08-25 00:00:00+00:00,31.249000000000002,31.937,29.247999999999998,28.758000000000003,27.801,30.061999999999998,30.84,28.373,30.276999999999997,29.303
2025-08-26 00:00:00+00:00,31.252000000000002,31.938000000000002,29.252,28.76,27.811999999999998,30.063,,28.375,30.276999999999997,29.305
2025-08-27 00:00:00+00:00,31.254000000000005,31.941000000000003,29.258,28.765,27.823999999999998,30.067,30.834,28.381,30.279999999999998,29.308
2025-08-28 00:00:00+00:00,31.259000000000004,31.946,29.264,28.767000000000003,27.826999999999998,30.072,,28.385,30.281999999999996,29.310000000000002
2025-08-29 00:00:00+00:00,31.262000000000004,31.946,29.265,28.768,27.828999999999997,30.072,,28.388,30.281999999999996,29.311
2025-08-30 00:00:00+00:00,31.260000000000005,31.942,29.265,28.772000000000002,27.830999999999996,30.069,30.842,28.393,30.284,29.316000000000003
2025-08-31 00:00:00+00:00,31.244000000000003,31.931,29.253999999999998,28.770000000000003,27.833999999999996,30.055,30.842,28.39,30.272,
2025-09-01 00:00:00+00:00,31.241000000000003,31.929000000000002,29.250999999999998,28.769000000000002,27.839999999999996,30.049,30.838,28.388,30.266999999999996,29.307000000000002
2025-09-02 00:00:00+00:00,31.245000000000005,31.933,29.259999999999998,28.775000000000002,27.846999999999998,30.057,30.837,28.395,30.270999999999997,29.311
2025-09-03 00:00:00+00:00,31.243000000000002,31.928,29.255,28.775000000000002,27.854999999999997,30.049,30.832,28.395,30.266,29.308
2025-09-04 00:00:00+00:00,31.239000000000004,31.926000000000002,29.256,28.775000000000002,27.854999999999997,30.047,30.836,28.396,30.266,29.311
2025-09-05 00:00:00+00:00,31.235000000000003,31.923000000000002,29.252,28.775000000000002,27.855999999999998,30.041,30.835,28.398,30.259999999999998,29.307000000000002
2025-09-06 00:00:00+00:00,31.228,31.916,29.236,28.768,27.846999999999998,30.028,30.826,28.392000000000003,30.246999999999996,29.299
2025-09-07 00:00:00+00:00,31.223000000000003,31.912000000000003,29.233,28.766000000000002,27.836,30.021,30.820999999999998,28.391000000000002,30.241999999999997,29.297
2025-09-08 00:00:00+00:00,31.227000000000004,31.916,29.244,28.773000000000003,27.837999999999997,30.031,30.819,28.397000000000002,30.249999999999996,29.305
2025-09-09 00:00:00+00:00,31.234,31.92,29.250999999999998,28.778000000000002,27.839,30.038,,28.400000000000002,30.256999999999998,29.308
2025-09-10 00:00:00+00:00,31.236000000000004,31.921,29.258,28.779000000000003,27.837999999999997,30.044,30.816,28.405,30.259999999999998,29.311
2025-09-11 00:00:00+00:00,31.240000000000002,31.924,29.262999999999998,28.781000000000002,27.836,30.049,30.814,28.408,30.264999999999997,
2025-09-12 00:00:00+00:00,31.241000000000003,31.922,29.262,28.781000000000002,27.830999999999996,30.049,30.814,28.409,30.264999999999997,29.315
2025-09-13 00:00:00+00:00,31.219,31.906000000000002,29.242,28.774,27.821999999999996,30.025,30.807,28.402,30.241999999999997,29.305
2025-09-14 00:00:00+00:00,31.223000000000003,31.91,29.247,28.775000000000002,27.825999999999997,30.028,30.805,28.405,30.245999999999995,29.308
2025-09-15 00:00:00+00:00,31.227000000000004,31.912000000000003,29.253,28.78,27.821999999999996,30.034,30.802999999999997,28.411,30.252999999999997,29.314
2025-09-16 00:00:00+00:00,31.237000000000002,31.916,29.264,28.783,27.818999999999996,30.045,30.805999999999997,28.416,30.262999999999998,29.321
2025-09-17 00:00:00+00:00,31.222,31.903000000000002,29.252,28.78,27.802,30.031,30.799,28.412,30.250999999999998,29.315
2025-09-18 00:00:00+00:00,31.214000000000002,31.899,29.24,28.774,27.784,30.018,30.796,28.407,30.236999999999995,29.310000000000002
2025-09-19 00:00:00+00:00,31.211000000000002,31.900000000000002,29.239,28.771,27.776999999999997,30.019,30.791,28.41,30.236999999999995,29.311
2025-09-20 00:00:00+00:00,31.206000000000003,31.895000000000003,29.233999999999998,28.765,27.764999999999997,30.012999999999998,30.787,28.409,30.231999999999996,29.308
2025-09-21 00:00:00+00:00,31.225,31.91,29.256,28.776000000000003,27.762999999999998,30.037,30.793,28.419,30.252999999999997,29.32
2025-09-22 00:00:00+00:00,31.225,31.908,29.255,28.775000000000002,27.752999999999997,30.037,30.788999999999998,28.42,30.249999999999996,
2025-09-23 00:00:00+00:00,31.205000000000002,31.888,29.227,28.759,27.738999999999997,30.011,,28.41,30.224999999999998,29.305
2025-09-24 00:00:00+00:00,31.201000000000004,31.886000000000003,29.225,28.752000000000002,27.730999999999998,30.006999999999998,30.777,28.41,30.223999999999997,29.303
2025-09-25 00:00:00+00:00,31.201000000000004,31.886000000000003,29.219,28.748,27.720999999999997,30.005,30.775,28.408,30.22,29.299
2025-09-26 00:00:00+00:00,31.201000000000004,31.885,29.221,28.747,27.715999999999998,30.005,30.773,28.41,30.218999999999998,29.3
2025-09-27 00:00:00+00:00,31.201000000000004,31.883000000000003,29.219,28.745,27.708,30.005,30.77,28.411,30.217999999999996,
2025-09-28 00:00:00+00:00,31.197000000000003,31.882,29.219,28.744,27.698999999999998,30.005,30.769,28.412,30.217,29.298000000000002
2025-09-29 00:00:00+00:00,31.197000000000003,31.880000000000003,29.217,28.741,27.693999999999996,30.003999999999998,30.766,28.413,30.214999999999996,29.297
2025-09-30 00:00:00+00:00,31.195000000000004,31.879,29.213,28.736,27.685,30.000999999999998,30.765,28.412,30.211999999999996,29.295
2025-10-01 00:00:00+00:00,31.190000000000005,31.872,29.2,28.729000000000003,27.676,29.992,30.759,28.406,30.202999999999996,29.288
2025-10-02 00:00:00+00:00,31.186000000000003,31.868000000000002,29.192,28.721000000000004,27.662999999999997,29.987000000000002,,28.405,30.197999999999997,29.284000000000002
2025-10-03 00:00:00+00:00,31.188000000000002,31.871000000000002,29.201,28.723000000000003,27.654999999999998,29.992,30.755,28.407,30.203999999999997,
2025-10-04 00:00:00+00:00,31.198000000000004,31.879,29.214,28.725,27.65,30.003999999999998,30.756999999999998,28.413,30.214,29.298000000000002
2025-10-05 00:00:00+00:00,31.247000000000003,31.918,29.262,28.753,27.665,30.049,30.781,28.43,30.257999999999996,29.324
2025-10-06 00:00:00+00:00,31.214000000000002,31.89,29.223,28.731,27.644,30.014,30.771,28.417,30.223999999999997,29.304000000000002
2025-10-07 00:00:00+00:00,31.185000000000002,31.869,29.198,28.716,27.636999999999997,29.988,30.759,28.408,30.201999999999998,29.289
2025-10-08 00:00:00+00:00,31.179000000000002,31.862000000000002,29.186,28.707,27.627999999999997,29.98,30.752,28.401,30.192999999999998,29.282000000000004
2025-10-09 00:00:00+00:00,31.186000000000003,31.865000000000002,29.195,28.707,27.629999999999995,29.988,30.755,28.404,30.201999999999998,29.290000000000003
2025-10-10 00:00:00+00:00,31.177000000000003,31.859,29.183999999999997,28.701,27.628999999999998,29.977,30.752,28.402,30.194999999999997,29.286
2025-10-11 00:00:00+00:00,31.174000000000003,31.853,29.176,28.696,27.621,29.973,30.749,28.395,30.187999999999995,29.28
2025-10-12 00:00:00+00:00,31.17,31.854,29.178,28.693,27.613999999999997,29.973,30.746,28.394000000000002,30.188999999999997,29.279000000000003
2025-10-13 00:00:00+00:00,31.179000000000002,31.858,29.186999999999998,28.694000000000003,27.607999999999997,29.981,30.746,28.398,30.199999999999996,29.284000000000002
2025-10-14 00:00:00+00:00,,31.853,29.181,28.69,27.596999999999998,29.975,30.743,28.395,30.196999999999996,29.282000000000004
2025-10-15 00:00:00+00:00,31.178000000000004,31.856,29.189,28.69,27.601999999999997,29.981,30.741999999999997,28.396,30.205999999999996,
2025-10-16 00:00:00+00:00,31.169000000000004,31.851000000000003,29.183,28.687,27.596999999999998,29.974,30.741,28.394000000000002,30.201999999999998,29.283
2025-10-17 00:00:00+00:00,31.178000000000004,31.854,29.192999999999998,28.687,27.589,29.983,,28.395,30.211999999999996,29.289
2025-10-18 00:00:00+00:00,31.174000000000003,31.85,29.188,28.684,27.576999999999998,29.979,,28.393,30.209999999999997,29.286
2025-10-19 00:00:00+00:00,31.162000000000003,31.843000000000004,29.169,28.677,27.56,29.965,30.735,28.383000000000003,30.191999999999997,
2025-10-20 00:00:00+00:00,31.179000000000002,31.856,29.194,28.686,27.548,29.985,30.74,28.393,30.212999999999997,29.287000000000003
2025-10-21 00:00:00+00:00,31.201000000000004,31.874000000000002,29.215,28.695,27.537,30.008,30.75,28.404,30.234999999999996,29.299
2025-10-22 00:00:00+00:00,31.205000000000002,31.878,29.219,28.697000000000003,27.523999999999997,30.012999999999998,30.750999999999998,28.408,30.240999999999996,29.301000000000002
2025-10-23 00:00:00+00:00,31.193000000000005,31.867,29.205,28.686,27.506999999999998,29.999,30.741999999999997,28.400000000000002,30.231999999999996,29.292
2025-10-24 00:00:00+00:00,31.217000000000002,31.887,29.236,28.700000000000003,27.491999999999997,30.026,30.755,28.415,30.258999999999997,29.310000000000002
2025-10-25 00:00:00+00:00,31.180000000000003,31.855,29.188,28.675,27.464,29.985,30.737,28.392000000000003,30.221999999999998,29.284000000000002
2025-10-26 00:00:00+00:00,31.185000000000002,31.858,29.2,28.677,27.436999999999998,29.993,,28.397000000000002,30.230999999999998,29.291
2025-10-27 00:00:00+00:00,31.189000000000004,31.86,29.204,28.675,27.412,29.996,30.737,28.397000000000002,30.234999999999996,
2025-10-28 00:00:00+00:00,31.185000000000002,31.853,29.2,28.67,27.394,29.993,30.744,28.393,30.230999999999998,29.292
2025-10-29 00:00:00+00:00,31.172000000000004,31.846000000000004,29.186,28.662000000000003,27.371,29.977,30.744999999999997,28.385,30.217999999999996,29.285
2025-10-30 00:00:00+00:00,31.157000000000004,31.836000000000002,29.172,28.653000000000002,27.345,29.963,30.747,28.376,30.201999999999998,29.275000000000002
2025-10-31 00:00:00+00:00,31.158,31.832,29.163999999999998,28.647000000000002,27.327999999999996,29.962,30.759,28.371000000000002,30.199999999999996,29.273000000000003
2025-11-01 00:00:00+00:00,31.151000000000003,31.830000000000002,29.163999999999998,28.641000000000002,27.307999999999996,29.956,30.758,28.364,30.193999999999996,29.270000000000003
2025-11-02 00:00:00+00:00,31.162000000000003,31.836000000000002,29.178,28.639000000000003,27.294999999999998,29.969,30.772,28.368000000000002,30.206999999999997,29.28
2025-11-03 00:00:00+00:00,31.159000000000002,,29.173,28.633000000000003,27.281,29.967,30.777,28.365000000000002,30.206999999999997,29.282000000000004
2025-11-04 00:00:00+00:00,31.145000000000003,31.824,29.156,28.625,27.266,29.945999999999998,30.772,28.357,30.191999999999997,29.274
2025-11-05 00:00:00+00:00,31.143000000000004,31.822000000000003,29.152,28.619,27.259999999999998,29.944,30.766,28.351,30.189999999999998,29.273000000000003
2025-11-06 00:00:00+00:00,31.149,31.826,29.16,28.615000000000002,27.266,29.954,30.766,28.353,30.199999999999996,29.279000000000003
2025-11-07 00:00:00+00:00,31.160000000000004,31.834000000000003,29.172,28.611,27.255999999999997,29.966,30.769,28.355,30.212999999999997,29.287000000000003
2025-11-08 00:00:00+00:00,31.159000000000002,31.832,29.165,28.608,27.243,29.965,30.764,28.351,30.214,29.286
2025-11-09 00:00:00+00:00,31.152,31.823,29.153,28.602000000000004,,29.956,30.756999999999998,28.346,30.206999999999997,29.281000000000002
2025-11-10 00:00:00+00:00,31.148000000000003,31.821,29.15,28.598000000000003,27.217,29.954,30.749,28.343,30.205999999999996,29.279000000000003
2025-11-11 00:00:00+00:00,31.150000000000002,31.822000000000003,29.152,28.593000000000004,27.202999999999996,29.957,30.747,28.341,30.181999999999995,29.272000000000002
2025-11-12 00:00:00+00:00,31.149,31.819000000000003,29.146,28.589000000000002,27.211999999999996,29.953,30.741999999999997,28.338,30.144999999999996,29.269000000000002
2025-11-13 00:00:00+00:00,31.148000000000003,31.822000000000003,29.149,28.585,27.235999999999997,29.95,30.738,28.336000000000002,30.170999999999996,29.270000000000003
2025-11-14 00:00:00+00:00,31.154000000000003,31.825000000000003,29.149,28.582,27.258999999999997,29.95,30.738999999999997,28.334,,29.271
2025-11-15 00:00:00+00:00,31.158,31.828000000000003,29.154,28.580000000000002,27.278999999999996,29.955,30.738,,30.193999999999996,29.279000000000003
2025-11-16 00:00:00+00:00,31.146000000000004,31.82,29.145,28.578000000000003,27.293999999999997,29.941,30.732,28.328000000000003,30.186999999999998,29.269000000000002
2025-11-17 00:00:00+00:00,31.17,31.837000000000003,29.172,28.588,27.310999999999996,29.966,30.75,28.334,30.211999999999996,29.284000000000002
2025-11-18 00:00:00+00:00,31.163000000000004,31.831000000000003,29.162,28.583000000000002,27.320999999999998,29.959,30.752,28.326,30.208,29.28
2025-11-19 00:00:00+00:00,31.147000000000002,31.818,29.15,28.576,27.312999999999995,29.947,30.750999999999998,28.32,30.199999999999996,
2025-11-20 00:00:00+00:00,31.168000000000003,31.833000000000002,29.172,28.586000000000002,27.304999999999996,29.968,30.767,28.328000000000003,30.22,29.289
2025-11-21 00:00:00+00:00,31.166000000000004,31.831000000000003,29.163999999999998,28.582,27.296,29.969,30.775,28.319000000000003,30.218999999999998,29.286
2025-11-22 00:00:00+00:00,31.136000000000003,31.809,29.131999999999998,28.567,27.275,29.936,30.765,28.308,30.191999999999997,29.266000000000002
2025-11-23 00:00:00+00:00,31.139000000000003,31.810000000000002,29.137,28.567,27.269,29.939,30.764,28.309,30.193999999999996,29.270000000000003
2025-11-24 00:00:00+00:00,31.164,31.831000000000003,29.168,28.581000000000003,27.266999999999996,29.971,30.776,28.321,30.221999999999998,29.290000000000003
2025-11-25 00:00:00+00:00,31.189000000000004,31.852,29.188,28.591,27.258999999999997,29.995,30.788999999999998,28.330000000000002,30.243999999999996,29.305
2025-11-26 00:00:00+00:00,31.168000000000003,31.832,29.158,28.576,27.232999999999997,29.975,30.779,28.314,30.227999999999998,29.289
2025-11-27 00:00:00+00:00,31.144000000000002,31.812,29.134,28.562,27.208,29.955,30.765,28.302,30.209999999999997,29.275000000000002
2025-11-28 00:00:00+00:00,31.141000000000005,31.809,29.137,28.561,27.185999999999996,29.954,30.758,28.303,30.209999999999997,29.274
2025-11-29 00:00:00+00:00,31.150000000000002,31.815,29.145,28.559,27.159999999999997,29.965,30.759999999999998,28.304000000000002,30.218999999999998,29.279000000000003
2025-11-30 00:00:00+00:00,31.154000000000003,31.82,29.147,28.559,27.135999999999996,29.97,30.764,28.302,30.224999999999998,29.28
2025-12-01 00:00:00+00:00,31.155,31.82,29.145,28.555,27.107999999999997,29.972,30.767,28.299,30.227999999999998,29.278000000000002
2025-12-02 00:00:00+00:00,31.139000000000003,31.807000000000002,29.131,28.549,27.072999999999997,29.956,30.756,28.295,30.217,29.267000000000003
2025-12-03 00:00:00+00:00,31.148000000000003,31.812,29.139,28.546000000000003,27.04,29.965,30.756,28.296,30.226,29.272000000000002
2025-12-04 00:00:00+00:00,31.149,31.810000000000002,29.134999999999998,28.542,27.000999999999998,29.965,30.752,28.293,30.226,29.269000000000002
2025-12-05 00:00:00+00:00,31.156000000000002,31.815,29.142,28.540000000000003,26.962999999999997,29.97,30.752,28.293,30.232999999999997,29.272000000000002
2025-12-06 00:00:00+00:00,31.151000000000003,31.811,29.131999999999998,28.533,26.927999999999997,29.965,30.747,28.288,30.228999999999996,29.266000000000002
2025-12-07 00:00:00+00:00,31.156000000000002,31.817,29.142,28.53,26.901999999999997,29.971,30.75,28.292,30.235999999999997,29.270000000000003
2025-12-08 00:00:00+00:00,31.146000000000004,31.809,29.125999999999998,28.521,26.874999999999996,29.962,30.743,28.284,30.227999999999998,29.261000000000003
2025-12-09 00:00:00+00:00,31.139000000000003,31.803,29.121,28.514000000000003,26.845,29.956,30.735999999999997,28.28,30.221999999999998,29.255000000000003
2025-12-10 00:00:00+00:00,31.138000000000005,31.804000000000002,29.125999999999998,28.506,26.818999999999996,29.956,30.741999999999997,28.278,30.223,29.256
2025-12-11 00:00:00+00:00,31.133000000000003,31.799,29.118,28.499000000000002,26.790999999999997,29.948,30.75,28.271,30.217,29.25
2025-12-12 00:00:00+00:00,31.132000000000005,31.798000000000002,29.118,28.493000000000002,26.764999999999997,29.944,30.753,28.269000000000002,30.214,29.25
2025-12-13 00:00:00+00:00,31.131000000000004,31.797,29.115,28.484,26.74,29.944,30.753,28.265,30.214,29.248
2025-12-14 00:00:00+00:00,31.131000000000004,31.797,29.115,28.478,26.717999999999996,29.945,30.75,28.263,30.215999999999998,29.248
2025-12-15 00:00:00+00:00,31.137000000000004,31.799,29.117,28.471000000000004,26.695999999999998,29.95,30.747999999999998,28.262,30.220999999999997,29.251
2025-12-16 00:00:00+00:00,31.151000000000003,31.811,29.128,28.468000000000004,26.673,29.967,30.752,28.261000000000003,30.236999999999995,29.26
2025-12-17 00:00:00+00:00,,31.809,29.119,28.46,26.651999999999997,29.964,30.744999999999997,28.256,30.235999999999997,29.255000000000003
2025-12-18 00:00:00+00:00,31.148000000000003,31.806,29.113,,26.633999999999997,29.962,30.741999999999997,28.252000000000002,30.235999999999997,29.251
2025-12-19 00:00:00+00:00,31.139000000000003,31.8,29.108,28.445,26.613999999999997,29.956,30.733999999999998,28.247,30.232999999999997,29.246000000000002
2025-12-20 00:00:00+00:00,31.144000000000002,31.803,29.105999999999998,28.438000000000002,26.601,29.959,30.732,28.245,30.236999999999995,29.246000000000002
2025-12-21 00:00:00+00:00,31.139000000000003,31.798000000000002,29.105,28.431,26.590999999999998,29.956,30.727999999999998,28.240000000000002,30.233999999999995,29.244
2025-12-22 00:00:00+00:00,31.144000000000002,31.8,29.102,28.424,26.592999999999996,29.957,30.724999999999998,28.237000000000002,30.234999999999996,29.243000000000002
2025-12-23 00:00:00+00:00,31.142000000000003,31.798000000000002,29.099,28.416000000000004,26.599999999999998,29.954,30.722,28.232,30.233999999999995,29.240000000000002
2025-12-24 00:00:00+00:00,31.128000000000004,31.792,29.087,28.406000000000002,26.601999999999997,29.941,30.717,28.225,30.220999999999997,29.232
2025-12-25 00:00:00+00:00,31.122000000000003,31.785,29.078,28.396,26.607999999999997,29.928,30.711,28.218,30.202999999999996,29.226000000000003
2025-12-26 00:00:00+00:00,31.128000000000004,31.787000000000003,29.08,28.391000000000002,26.616999999999997,29.932,30.71,28.216,30.205,29.229
2025-12-27 00:00:00+00:00,31.132000000000005,31.791,29.076999999999998,28.384,26.627999999999997,29.936999999999998,30.707,28.212,30.211,29.229
2025-12-28 00:00:00+00:00,31.148000000000003,31.803,29.093,28.383000000000003,26.641999999999996,29.953,30.711,28.214,30.227999999999998,29.241
2025-12-29 00:00:00+00:00,31.137000000000004,31.795,29.076,28.376,26.645999999999997,29.939,30.706,28.206000000000003,30.215999999999998,29.23
2025-12-30 00:00:00+00:00,31.161,31.814,29.093,28.378,26.654999999999998,29.963,30.714,28.207,30.237999999999996,29.243000000000002
2025-12-31 00:00:00+00:00,31.145000000000003,31.801000000000002,29.067999999999998,28.369,26.662,29.944,30.704,28.197000000000003,30.223999999999997,29.227
2026-01-01 00:00:00+00:00,31.163000000000004,31.815,29.09,28.373,26.674,29.963,30.712,28.202,30.240999999999996,29.241
2026-01-02 00:00:00+00:00,31.190000000000005,31.839000000000002,29.117,28.382,26.688999999999997,29.989,30.727,28.208000000000002,30.263999999999996,29.259
2026-01-03 00:00:00+00:00,31.191000000000003,31.840000000000003,29.102999999999998,28.375,26.699999999999996,29.985,30.730999999999998,28.196,30.261999999999997,29.251
2026-01-04 00:00:00+00:00,31.171000000000003,31.823,29.076,28.365000000000002,26.711999999999996,29.963,30.723,28.187,30.245999999999995,29.235
2026-01-05 00:00:00+00:00,31.150000000000002,31.805,29.058,28.356,26.729,29.939,30.71,28.18,30.226999999999997,
2026-01-06 00:00:00+00:00,31.136000000000003,31.791,29.05,28.351000000000003,26.74,29.927,30.701,28.175,30.214,29.216
2026-01-07 00:00:00+00:00,31.132000000000005,31.787000000000003,29.046,28.349000000000004,26.751999999999995,29.925,30.698,28.171,30.208999999999996,29.214000000000002
2026-01-08 00:00:00+00:00,31.136000000000003,31.790000000000003,29.052,28.348000000000003,26.760999999999996,29.93,30.698999999999998,28.169,30.214,29.218000000000004
2026-01-09 00:00:00+00:00,31.142000000000003,31.794,29.05,28.345000000000002,26.772,29.933999999999997,,28.165,30.217,29.217000000000002
2026-01-10 00:00:00+00:00,31.161,31.809,29.067999999999998,28.355,26.781,29.951999999999998,30.704,28.168,30.235999999999997,29.227
2026-01-11 00:00:00+00:00,31.126000000000005,31.783,29.033,28.340000000000003,26.787,29.917,30.692999999999998,28.154,30.202999999999996,29.207
2026-01-12 00:00:00+00:00,31.116000000000003,31.775000000000002,29.024,28.336000000000002,26.787,29.908,,28.151,30.184999999999995,29.201
2026-01-13 00:00:00+00:00,31.140000000000004,31.795,29.049,28.345000000000002,26.794999999999998,29.932,30.692999999999998,28.155,30.211,29.216
2026-01-14 00:00:00+00:00,31.132000000000005,31.788,29.034,28.339000000000002,26.799999999999997,29.922,30.686,28.146,30.201999999999998,29.205000000000002
2026-01-15 00:00:00+00:00,31.130000000000003,31.787000000000003,29.028,28.335,26.807,29.919,30.697,28.143,30.201999999999998,29.200000000000003
2026-01-16 00:00:00+00:00,31.128000000000004,31.787000000000003,29.034,28.337000000000003,26.802999999999997,29.918,30.704,28.141000000000002,30.203999999999997,29.200000000000003
2026-01-17 00:00:00+00:00,31.118000000000002,31.779000000000003,29.024,28.333000000000002,26.794999999999998,29.908,30.71,28.136000000000003,30.196999999999996,29.194000000000003
2026-01-18 00:00:00+00:00,31.111000000000004,31.774,29.021,28.331000000000003,26.799999999999997,29.902,30.708,28.131,30.186999999999998,29.192
2026-01-19 00:00:00+00:00,31.114000000000004,31.777,29.024,28.332,26.810999999999996,29.906,30.705,28.130000000000003,30.191999999999997,29.193
2026-01-20 00:00:00+00:00,31.120000000000005,31.779000000000003,29.025,28.333000000000002,26.820999999999998,29.91,30.704,28.130000000000003,30.199999999999996,29.193
2026-01-21 00:00:00+00:00,31.128000000000004,31.783,29.03,28.335,26.826999999999998,29.917,30.705,28.127000000000002,30.209999999999997,29.194000000000003
2026-01-22 00:00:00+00:00,31.149,31.803,29.05,28.349000000000004,26.834999999999997,29.939999999999998,30.714,28.135,30.232999999999997,29.208000000000002
2026-01-23 00:00:00+00:00,31.156000000000002,31.807000000000002,29.052,28.351000000000003,26.836,29.944,30.715,28.131,30.237999999999996,29.207
2026-01-24 00:00:00+00:00,31.146000000000004,31.796,29.035,28.345000000000002,26.834999999999997,29.93,30.706,28.123,30.226999999999997,29.195
2026-01-25 00:00:00+00:00,31.138000000000005,31.791,29.026,28.341,26.830999999999996,29.922,30.698999999999998,28.121000000000002,30.217999999999996,29.19
2026-01-26 00:00:00+00:00,31.145000000000003,31.795,29.032,28.344,26.839,29.929,30.697,28.121000000000002,30.220999999999997,
2026-01-27 00:00:00+00:00,31.152,31.803,29.036,28.344,26.845999999999997,29.935,30.701,28.121000000000002,30.228999999999996,29.195
2026-01-28 00:00:00+00:00,31.139000000000003,31.789,29.022,28.338,26.848,29.919,30.698999999999998,28.116,30.215999999999998,29.186
2026-01-29 00:00:00+00:00,31.143000000000004,31.791,29.022,28.341,26.851999999999997,29.921,30.701,28.115000000000002,30.215999999999998,29.186
2026-01-30 00:00:00+00:00,31.133000000000003,31.781000000000002,29.014,28.335,26.852999999999998,29.911,30.695,28.111,30.205999999999996,29.183
2026-01-31 00:00:00+00:00,31.128000000000004,31.778000000000002,29.012999999999998,28.335,26.848,29.906,30.689999999999998,28.11,30.200999999999997,
2026-02-01 00:00:00+00:00,31.115000000000002,31.768,29.003,28.328000000000003,26.837999999999997,29.895,30.683,28.104,30.183999999999997,29.176000000000002
2026-02-02 00:00:00+00:00,31.111000000000004,31.767000000000003,29.002,28.326,26.837999999999997,29.894,30.679,28.104,30.180999999999997,29.175
2026-02-03 00:00:00+00:00,31.121000000000002,31.773000000000003,29.009,28.332,26.842999999999996,29.901,30.677999999999997,28.102,30.187999999999995,29.177
2026-02-04 00:00:00+00:00,31.124000000000002,31.776000000000003,29.011,28.335,26.849999999999998,29.904,30.679,28.103,30.190999999999995,29.177
2026-02-05 00:00:00+00:00,31.127000000000002,31.778000000000002,29.012999999999998,28.336000000000002,26.862,29.906,30.677,28.102,30.194999999999997,
2026-02-06 00:00:00+00:00,31.142000000000003,,29.026,28.343000000000004,26.878999999999998,29.922,30.683,28.108,30.209999999999997,29.184
2026-02-07 00:00:00+00:00,31.137000000000004,31.788,29.018,28.341,26.891,29.914,30.679,28.101,30.202999999999996,29.177
2026-02-08 00:00:00+00:00,31.113000000000003,31.768,28.996,28.328000000000003,26.895999999999997,29.889,30.671999999999997,28.095,30.178999999999995,29.166
2026-02-09 00:00:00+00:00,31.105000000000004,31.763,28.992,28.325000000000003,26.897,29.884999999999998,30.676,28.09,30.169999999999998,29.164
2026-02-10 00:00:00+00:00,31.110000000000003,31.767000000000003,28.997999999999998,28.329,26.903999999999996,29.891,30.685,28.094,30.175999999999995,29.166
2026-02-11 00:00:00+00:00,31.135000000000005,31.787000000000003,29.023,28.343000000000004,26.909999999999997,29.917,30.7,28.102,30.202999999999996,29.179000000000002
2026-02-12 00:00:00+00:00,31.156000000000002,31.806,29.043,28.354000000000003,26.921,29.936,30.716,28.108,30.223,29.189
2026-02-13 00:00:00+00:00,,31.812,29.051,28.361,26.924999999999997,29.941,30.719,28.11,30.230999999999998,29.19
2026-02-14 00:00:00+00:00,,31.788,29.026,28.347,26.929,29.906,30.712,28.089,30.201999999999998,29.166
2026-02-15 00:00:00+00:00,30.372000000000003,31.765,29.006999999999998,28.337000000000003,26.935,29.881999999999998,30.708,28.082,30.178999999999995,29.157000000000004
2026-02-16 00:00:00+00:00,,31.768,29.012999999999998,28.341,26.946999999999996,29.887999999999998,30.711,28.083000000000002,30.182999999999996,29.164
2026-02-17 00:00:00+00:00,30.415000000000003,31.802,29.055,28.362000000000002,26.964999999999996,29.931,30.732,28.101,30.226999999999997,29.191000000000003
2026-02-18 00:00:00+00:00,30.398000000000003,31.789,29.036,28.357000000000003,26.968999999999998,29.915,30.727,28.088,30.214,29.176000000000002
2026-02-19 00:00:00+00:00,30.382000000000005,31.773000000000003,29.023,28.354000000000003,26.970999999999997,29.9,30.717,28.080000000000002,30.199999999999996,29.167
2026-02-20 00:00:00+00:00,,31.777,,28.357000000000003,26.977999999999998,29.907,30.717,28.084,30.208,29.171
2026-02-21 00:00:00+00:00,30.370000000000005,31.763,29.012,28.35,26.976999999999997,29.891,30.706,28.079,30.189999999999998,29.161
2026-02-22 00:00:00+00:00,,31.778000000000002,29.029,28.359,26.974999999999998,29.911,30.714,28.085,30.208,29.172
2026-02-23 00:00:00+00:00,30.399,31.788,29.043,28.366,26.97,29.924,30.722,28.09,30.221999999999998,29.18
2026-02-24 00:00:00+00:00,,31.793,29.052,28.369,26.961,29.928,30.732,28.092,30.227999999999998,29.18
2026-02-25 00:00:00+00:00,30.787000000000003,31.779000000000003,29.047,28.364,26.939999999999998,29.91,,28.079,30.215999999999998,29.167
2026-02-26 00:00:00+00:00,30.791000000000004,31.782000000000004,29.06,28.368000000000002,26.926,29.918,30.741999999999997,28.079,30.224999999999998,
2026-02-27 00:00:00+00:00,30.809000000000005,31.796,29.078,28.375,26.919999999999998,29.938,30.75,28.089,30.246999999999996,29.185000000000002
2026-02-28 00:00:00+00:00,30.818000000000005,31.805,29.091,28.379,26.913999999999998,29.948,30.756999999999998,28.092,30.260999999999996,29.191000000000003
2026-03-01 00:00:00+00:00,30.822000000000003,31.807000000000002,29.098,28.382,26.904999999999998,29.954,30.759,28.094,30.267999999999997,29.193
2026-03-02 00:00:00+00:00,30.812000000000005,31.799,29.095,28.381,26.895999999999997,29.947,30.753999999999998,28.088,30.266999999999996,29.188000000000002
2026-03-03 00:00:00+00:00,30.818000000000005,31.803,29.101,28.383000000000003,26.894,29.954,30.753999999999998,28.09,30.273999999999997,29.191000000000003
2026-03-04 00:00:00+00:00,30.819000000000003,31.803,29.104,28.383000000000003,26.883999999999997,29.958,30.750999999999998,28.092,30.276999999999997,29.193
2026-03-05 00:00:00+00:00,,31.802,29.105,28.386000000000003,26.868,29.96,30.746,28.092,30.278999999999996,29.193
2026-03-06 00:00:00+00:00,,31.809,29.112,28.388,26.854999999999997,29.968,,28.097,30.285999999999998,29.199
2026-03-07 00:00:00+00:00,30.831000000000003,31.815,29.117,28.39,26.837999999999997,29.975,30.747999999999998,28.099,30.289999999999996,29.202
2026-03-08 00:00:00+00:00,30.828000000000003,31.813000000000002,29.116,28.39,26.818999999999996,29.974,30.743,28.098,30.288999999999998,29.201
2026-03-09 00:00:00+00:00,,31.813000000000002,29.114,28.389000000000003,26.799999999999997,29.974,30.74,28.1,30.288999999999998,29.201
2026-03-10 00:00:00+00:00,,31.823,29.125,28.393,26.784999999999997,29.986,30.744999999999997,28.107,30.299999999999997,29.208000000000002
2026-03-11 00:00:00+00:00,,31.830000000000002,29.127,28.394000000000002,26.764999999999997,29.992,30.746,28.111,30.301999999999996,29.211000000000002
2026-03-12 00:00:00+00:00,30.847,31.834000000000003,29.131,28.396,26.744999999999997,29.997,30.747,28.112000000000002,30.307999999999996,29.214000000000002
2026-03-13 00:00:00+00:00,,31.823,29.115,28.387,26.715999999999998,29.983,30.738999999999997,28.106,30.293999999999997,29.205000000000002
2026-03-14 00:00:00+00:00,,31.844,29.137,28.397000000000002,26.689999999999998,30.006,30.75,28.12,30.316999999999997,29.222
2026-03-15 00:00:00+00:00,,31.849,29.133,28.395000000000003,26.665,30.008,30.75,28.122,30.316999999999997,29.222
2026-03-16 00:00:00+00:00,30.834000000000003,31.826,29.102999999999998,28.377000000000002,26.635999999999996,29.98,30.735,28.107,30.287,29.205000000000002
2026-03-17 00:00:00+00:00,,31.834000000000003,29.111,28.374000000000002,26.612,29.991,30.738,28.113,30.297999999999995,29.212000000000003
2026-03-18 00:00:00+00:00,,31.816000000000003,29.087,28.359,26.581999999999997,29.969,30.726,28.102,30.275,29.198
2026-03-19 00:00:00+00:00,30.814000000000004,31.811,29.08,28.348000000000003,26.557,29.965,30.722,28.098,30.269999999999996,29.193
2026-03-20 00:00:00+00:00,,31.822000000000003,29.091,28.349000000000004,26.534,29.978,30.726,28.104,30.285999999999998,29.203000000000003
2026-03-21 00:00:00+00:00,30.836000000000002,31.828000000000003,29.091,28.345000000000002,26.506999999999998,29.985,30.73,28.104,30.291999999999998,29.205000000000002
2026-03-22 00:00:00+00:00,,31.828000000000003,29.088,28.341,26.479999999999997,29.985,30.727999999999998,28.102,30.293999999999997,29.204
2026-03-23 00:00:00+00:00,,31.832,29.087,28.339000000000002,26.455999999999996,29.987000000000002,30.729,28.103,30.295999999999996,29.206000000000003
2026-03-24 00:00:00+00:00,30.839000000000002,31.832,29.08,28.332,26.430999999999997,29.985,30.727,28.099,30.294999999999998,29.204
2026-03-25 00:00:00+00:00,,31.836000000000002,29.085,28.330000000000002,26.409,29.991,30.727999999999998,28.1,30.301999999999996,29.207
2026-03-26 00:00:00+00:00,,31.857,29.107,28.337000000000003,26.391,30.012999999999998,,28.112000000000002,30.321999999999996,29.221000000000004
2026-03-27 00:00:00+00:00,,31.836000000000002,29.07,28.319000000000003,26.382999999999996,29.985,30.729,28.093,30.300999999999995,29.203000000000003
2026-03-28 00:00:00+00:00,30.823000000000004,31.821,29.053,28.311,26.369999999999997,29.967,30.719,28.085,30.287,29.191000000000003
2026-03-29 00:00:00+00:00,,31.832,29.064,28.309,26.357999999999997,29.982,30.724,28.089,30.303999999999995,29.199
2026-03-30 00:00:00+00:00,,31.817,29.041999999999998,28.298000000000002,26.342,29.962,30.714,28.080000000000002,30.284,29.185000000000002
2026-03-31 00:00:00+00:00,,,29.064,28.295,26.325999999999997,29.989,30.727999999999998,28.088,30.309999999999995,29.200000000000003
2026-04-01 00:00:00+00:00,30.828000000000003,31.822000000000003,29.041,28.290000000000003,26.307,,30.72,28.076,30.291999999999998,29.185000000000002
2026-04-02 00:00:00+00:00,,31.819000000000003,,,26.29,29.966,30.724,28.073,,
2026-04-03 00:00:00+00:00,30.842000000000002,31.834000000000003,29.058,28.283,26.272999999999996,29.986,30.738999999999997,28.078000000000003,30.310999999999996,29.196
2026-04-04 00:00:00+00:00,30.838,31.832,29.044999999999998,28.277,26.258999999999997,29.98,30.738999999999997,28.07,30.306999999999995,29.19
2026-04-05 00:00:00+00:00,30.834000000000003,31.828000000000003,29.035,28.272000000000002,26.249999999999996,29.975,30.735999999999997,28.066000000000003,30.300999999999995,29.185000000000002
2026-04-06 00:00:00+00:00,30.843000000000004,31.836000000000002,29.044999999999998,28.268,26.238999999999997,29.987000000000002,30.738,28.066000000000003,30.312999999999995,29.191000000000003
2026-04-07 00:00:00+00:00,30.822000000000003,31.819000000000003,29.025,28.261000000000003,26.224999999999998,29.961,30.726,28.058,30.290999999999997,29.178
2026-04-08 00:00:00+00:00,,31.818,29.021,28.256,26.214999999999996,29.962,30.73,28.056,30.290999999999997,29.178
2026-04-09 00:00:00+00:00,,31.815,29.02,28.251,26.208,29.962,30.727999999999998,28.054000000000002,30.288999999999998,
2026-04-10 00:00:00+00:00,,31.824,29.028,28.247,26.200999999999997,29.973,30.73,28.054000000000002,30.298999999999996,29.186
2026-04-11 00:00:00+00:00,,31.830000000000002,29.027,28.243000000000002,26.203999999999997,29.979,30.732,28.051000000000002,30.304999999999996,29.189
2026-04-12 00:00:00+00:00,,31.831000000000003,29.024,28.239,26.205,29.979,30.73,28.048000000000002,30.303999999999995,29.187
2026-04-13 00:00:00+00:00,30.836000000000002,31.830000000000002,29.014,28.235000000000003,26.196999999999996,29.975,30.727,28.044,30.299999999999997,29.184
2026-04-14 00:00:00+00:00,,31.836000000000002,29.02,28.231,26.190999999999995,29.981,30.726,28.044,30.306999999999995,29.187
2026-04-15 00:00:00+00:00,,31.827,29.003999999999998,28.225,26.185,29.966,30.718,28.037,30.291999999999998,29.176000000000002
2026-04-16 00:00:00+00:00,,31.822000000000003,29.005,28.220000000000002,26.182999999999996,29.963,30.713,28.035,30.288999999999998,29.174
2026-04-17 00:00:00+00:00,,31.826,29.000999999999998,28.216,26.180999999999997,29.965,30.712,28.033,30.291999999999998,29.175
2026-04-18 00:00:00+00:00,,31.822000000000003,28.994999999999997,28.212000000000003,26.180999999999997,29.958,30.708,28.028,30.287,29.17
2026-04-19 00:00:00+00:00,,31.827,29.0,28.209000000000003,26.182,29.966,30.709,28.029,30.293999999999997,29.174
2026-04-20 00:00:00+00:00,30.839000000000002,31.834000000000003,29.003999999999998,28.208000000000002,26.182999999999996,29.974,30.714,28.025000000000002,30.304999999999996,29.178
2026-04-21 00:00:00+00:00,30.836000000000002,31.835,29.027,28.21,26.183999999999997,29.972,,28.022000000000002,30.308999999999997,29.175
2026-04-22 00:00:00+00:00,30.837000000000003,,29.04,28.215000000000003,26.192999999999998,29.978,30.738999999999997,28.02,30.310999999999996,
2026-04-23 00:00:00+00:00,,31.849,29.049,28.218000000000004,26.209999999999997,29.992,30.752,28.02,30.320999999999998,29.192
2026-04-24 00:00:00+00:00,,31.854,29.056,28.222,26.227999999999998,30.003999999999998,30.761,28.02,30.33,29.203000000000003
2026-04-25 00:00:00+00:00,30.864000000000004,31.862000000000002,29.064,28.228,26.252999999999997,30.016,,28.02,30.337999999999997,29.213
2026-04-26 00:00:00+00:00,,31.868000000000002,29.07,28.235000000000003,26.278,30.023,30.773,28.022000000000002,30.345999999999997,29.221000000000004
2026-04-28 00:00:00+00:00,,31.858,29.05,28.229000000000003,26.337999999999997,30.016,30.767,28.014000000000003,30.337999999999997,29.219
2026-04-29 00:00:00+00:00,31.151000000000003,31.854,29.044999999999998,28.23,26.363,30.015,,28.012,30.336,29.220000000000002
2026-04-30 00:00:00+00:00,31.153000000000002,31.85,29.036,28.229000000000003,26.386999999999997,30.009,30.761,28.009,30.33,
2026-05-01 00:00:00+00:00,31.158,31.853,29.038999999999998,28.234,26.412999999999997,30.014,30.761,28.01,30.334999999999997,
2026-05-02 00:00:00+00:00,31.168000000000003,31.858,29.041999999999998,28.239,26.446999999999996,30.02,,28.012,30.342,29.225
2026-05-03 00:00:00+00:00,31.191000000000003,31.869,29.056,28.248,26.476999999999997,30.03,30.769,28.019000000000002,30.353999999999996,29.232
2026-05-05 00:00:00+00:00,31.382000000000005,31.873,29.052,28.257,26.535999999999998,30.032,30.772,28.022000000000002,30.331999999999997,29.236
2026-05-06 00:00:00+00:00,31.388000000000005,31.878,29.057,28.264000000000003,26.565999999999995,30.039,30.773,28.026,30.339999999999996,29.240000000000002
2026-05-07 00:00:00+00:00,31.387000000000004,31.876,29.057,28.269000000000002,26.595999999999997,30.036,30.776,28.027,30.337999999999997,29.239
2026-05-08 00:00:00+00:00,32.454,31.868000000000002,29.052,28.273000000000003,,30.025,30.778,28.021,30.327999999999996,29.242
2026-05-09 00:00:00+00:00,32.42700000000001,31.866,29.05,28.275000000000002,26.668,30.023,30.784,,30.323999999999998,29.243000000000002
2026-05-10 00:00:00+00:00,32.43000000000001,31.87,29.056,28.283,26.697999999999997,30.029,30.79,28.024,30.325999999999997,29.249000000000002
2026-05-12 00:00:00+00:00,32.509,31.896,29.091,28.307000000000002,26.763999999999996,30.057,30.805,28.047,30.357999999999997,29.268
2026-05-13 00:00:00+00:00,,31.884,29.073999999999998,28.311,26.790999999999997,30.042,30.801,28.041,30.339999999999996,29.26
2026-05-14 00:00:00+00:00,32.483000000000004,31.893,29.087,28.321,26.825999999999997,30.056,30.807,,30.369999999999997,29.269000000000002
2026-05-15 00:00:00+00:00,32.478,31.896,29.086,28.327,26.862,30.056,30.811,28.053,30.370999999999995,29.269000000000002
2026-05-16 00:00:00+00:00,32.470000000000006,31.892000000000003,29.081,28.335,26.895999999999997,30.05,30.811999999999998,28.052,30.363999999999997,29.266000000000002
2026-05-17 00:00:00+00:00,32.457,31.883000000000003,29.067999999999998,28.339000000000002,26.926,30.038,30.81,28.051000000000002,30.348,29.259
2026-05-19 00:00:00+00:00,32.264,31.880000000000003,29.067999999999998,28.349000000000004,26.996,30.035,30.802999999999997,28.058,30.339999999999996,29.256
2026-05-20 00:00:00+00:00,32.258,31.877000000000002,29.063,28.356,27.028,30.028,30.799,28.057000000000002,30.331999999999997,29.251
2026-05-21 00:00:00+00:00,32.256,31.874000000000002,29.06,28.362000000000002,27.057999999999996,30.025,30.793999999999997,28.266000000000002,30.327999999999996,29.248
2026-05-22 00:00:00+00:00,32.249,31.869,29.057,28.369,27.08,30.017,30.791,28.268,30.319999999999997,29.243000000000002
2026-05-23 00:00:00+00:00,,31.867,29.057,28.376,27.099999999999998,30.016,30.794999999999998,28.272000000000002,30.316999999999997,29.241
2026-05-24 00:00:00+00:00,32.254000000000005,31.872,29.064,28.386000000000003,27.121,30.021,30.799999999999997,28.277,30.320999999999998,29.243000000000002
2026-05-26 00:00:00+00:00,32.251000000000005,31.869,29.06,28.399,27.154999999999998,30.015,30.793999999999997,28.283,30.311999999999998,29.237000000000002
2026-05-27 00:00:00+00:00,32.264,31.878,29.070999999999998,28.408,27.174,30.028,30.796,28.29,30.325999999999997,
2026-05-28 00:00:00+00:00,32.266000000000005,31.881,29.07,28.416000000000004,27.189999999999998,30.027,30.794999999999998,28.294,30.321999999999996,29.239
2026-05-29 00:00:00+00:00,,31.879,29.066,28.421000000000003,27.199999999999996,30.021,30.788999999999998,28.298000000000002,30.313999999999997,29.234
2026-05-30 00:00:00+00:00,32.268,31.882,29.073,28.43,27.211999999999996,30.025,30.788999999999998,28.302,30.316999999999997,29.235
2026-05-31 00:00:00+00:00,32.272000000000006,31.887,29.076,28.437,27.226999999999997,30.029,30.788999999999998,28.308,30.319999999999997,29.234
2026-06-02 00:00:00+00:00,32.273,31.888,29.076999999999998,28.452,27.260999999999996,30.025,30.782,28.318,30.316999999999997,29.228
2026-06-03 00:00:00+00:00,32.284000000000006,31.897000000000002,29.093,28.462000000000003,27.282999999999998,30.038,30.787,28.326,30.333,29.236
2026-06-04 00:00:00+00:00,32.279,31.893,29.085,28.468000000000004,27.299,30.031,30.785,28.330000000000002,30.324999999999996,29.228
2026-06-05 00:00:00+00:00,32.285000000000004,31.898000000000003,29.095,28.476000000000003,27.318999999999996,30.037,30.788,28.336000000000002,30.331999999999997,
2026-06-06 00:00:00+00:00,32.267,31.886000000000003,29.081,28.482000000000003,27.336999999999996,30.017,30.776,28.336000000000002,30.309999999999995,29.219
2026-06-07 00:00:00+00:00,32.262,31.882,29.084,28.487000000000002,27.363,30.012999999999998,30.77,28.34,30.306999999999995,29.216
2026-06-08 00:00:00+00:00,32.253,31.876,29.078,28.494,27.385999999999996,30.003,30.764,28.343,30.296999999999997,
2026-06-09 00:00:00+00:00,32.262,31.880000000000003,29.092,28.5,27.412,30.015,,28.349,30.310999999999996,29.216
2026-06-10 00:00:00+00:00,32.264,31.884,29.092,28.508000000000003,27.429,30.017,30.764,28.355,30.312999999999995,29.215000000000003
2026-06-11 00:00:00+00:00,,31.880000000000003,29.094,28.513,27.443999999999996,30.012999999999998,30.758,28.357,30.305999999999997,29.21
2026-06-12 00:00:00+00:00,32.253,31.876,29.088,28.518,27.456999999999997,30.003999999999998,30.753,28.359,30.296999999999997,29.204
2026-06-13 00:00:00+00:00,,31.876,29.097,28.524,27.470999999999997,30.006999999999998,30.753,28.366,30.299999999999997,29.207
2026-06-14 00:00:00+00:00,32.263000000000005,31.884,29.107,28.535000000000004,27.487,30.015,30.756,28.371000000000002,30.309999999999995,29.212000000000003
2026-06-16 00:00:00+00:00,32.259,31.883000000000003,29.112,28.548000000000002,27.519,30.012,30.75,28.380000000000003,30.305999999999997,29.208000000000002
2026-06-17 00:00:00+00:00,,31.876,29.107,28.55,27.531,30.003,30.744,28.384,30.294999999999998,29.201
2026-06-18 00:00:00+00:00,32.241,31.868000000000002,29.101,28.555,27.538999999999998,29.993,30.738,28.388,30.285999999999998,29.194000000000003
2026-06-19 00:00:00+00:00,32.239000000000004,31.866,29.102,28.558,27.540999999999997,,30.732999999999997,28.391000000000002,30.282999999999998,29.191000000000003
2026-06-20 00:00:00+00:00,,31.868000000000002,29.105,28.563000000000002,27.54,29.995,30.732,28.395,30.284,29.19
2026-06-21 00:00:00+00:00,32.233000000000004,31.86,29.095,28.565,27.543999999999997,29.985,30.727,28.399,30.272,29.183
2026-06-23 00:00:00+00:00,32.228,31.858,29.099,28.57,27.569999999999997,29.982,30.735999999999997,28.405,30.275,
2026-06-24 00:00:00+00:00,32.236000000000004,,29.108,28.576,27.587999999999997,29.991,30.744,28.409,30.284,29.188000000000002
2026-06-25 00:00:00+00:00,32.24,31.866,29.112,28.580000000000002,27.61,29.995,30.753,28.413,30.284999999999997,29.189
2026-06-26 00:00:00+00:00,32.239000000000004,31.866,29.111,28.585,27.624999999999996,29.993,30.759999999999998,28.418,30.281999999999996,29.185000000000002
2026-06-27 00:00:00+00:00,32.232,31.86,29.107,28.587000000000003,27.637999999999998,29.986,30.759999999999998,28.419,30.272999999999996,29.181
2026-06-28 00:00:00+00:00,32.235,31.862000000000002,29.11,28.593000000000004,27.651999999999997,29.99,30.761,28.424,30.270999999999997,29.181
2026-06-30 00:00:00+00:00,32.215,31.846000000000004,29.09,28.594,27.668999999999997,29.968,30.743,28.426000000000002,30.252999999999997,
2026-07-01 00:00:00+00:00,32.218,31.846000000000004,29.099,28.599000000000004,27.679999999999996,29.974,30.741,28.43,30.258999999999997,29.174
2026-07-02 00:00:00+00:00,32.221000000000004,31.848000000000003,29.102,28.604000000000003,27.692999999999998,29.976,30.74,28.434,30.256999999999998,29.172
2026-07-03 00:00:00+00:00,32.225,31.85,29.111,28.612000000000002,27.705999999999996,29.98,30.738,28.438000000000002,30.260999999999996,29.176000000000002
2026-07-04 00:00:00+00:00,32.207,31.838,29.099,28.613,27.718999999999998,29.964,30.729,28.44,30.243999999999996,29.166
2026-07-05 00:00:00+00:00,32.207,31.836000000000002,29.102999999999998,28.615000000000002,27.733999999999998,29.963,30.727,28.442,30.241999999999997,29.166
2026-07-07 00:00:00+00:00,32.219,31.847,29.119999999999997,28.629,27.784999999999997,29.978,,28.452,30.254999999999995,
2026-07-08 00:00:00+00:00,32.226000000000006,31.853,29.131,28.635,27.805999999999997,29.985,30.743,28.456000000000003,30.262999999999998,29.181
2026-07-09 00:00:00+00:00,32.208000000000006,31.838,29.119,28.639000000000003,27.824999999999996,29.964,30.738999999999997,28.456000000000003,30.240999999999996,29.17
2026-07-10 00:00:00+00:00,32.201,31.834000000000003,29.121,28.643,27.843999999999998,29.96,30.735999999999997,28.459,30.237999999999996,29.166
2026-07-11 00:00:00+00:00,32.199000000000005,31.830000000000002,29.121,28.645000000000003,27.860999999999997,29.957,30.732,28.46,30.232999999999997,
2026-07-12 00:00:00+00:00,32.192,31.824,29.117,28.648000000000003,27.871999999999996,29.953,30.722,28.464,30.226999999999997,29.16
2026-07-13 00:00:00+00:00,32.191,31.822000000000003,29.115,28.652,27.886999999999997,29.948999999999998,30.719,28.466,30.223,29.158
2026-07-14 00:00:00+00:00,32.189,31.819000000000003,29.113,28.655,27.898999999999997,29.947,30.714,28.467,30.22,29.156000000000002
2026-07-15 00:00:00+00:00,32.18600000000001,31.817,29.111,28.659000000000002,27.906999999999996,29.944,30.71,28.471,30.214999999999996,29.154000000000003
2026-07-16 00:00:00+00:00,32.18300000000001,31.812,29.108999999999998,28.662000000000003,27.912999999999997,29.939999999999998,30.705,28.473,30.208999999999996,29.151000000000003
2026-07-17 00:00:00+00:00,32.18600000000001,31.815,29.117,28.665000000000003,27.916999999999998,29.944,,28.477,30.209999999999997,29.152
2026-07-18 00:00:00+00:00,32.201,31.827,29.128999999999998,28.674,27.927,29.958,30.706,28.484,30.220999999999997,29.158
2026-07-19 00:00:00+00:00,32.190000000000005,31.819000000000003,29.122,28.675,27.924,29.944,30.707,28.485,30.205999999999996,29.152
2026-07-20 00:00:00+00:00,32.179,31.811,29.117,28.676000000000002,27.921,29.936,,28.487000000000002,30.198999999999998,29.148000000000003
2026-07-21 00:00:00+00:00,32.175000000000004,31.807000000000002,29.115,28.679000000000002,27.929,29.93,30.716,28.490000000000002,30.192999999999998,29.147000000000002
2026-07-22 00:00:00+00:00,32.172000000000004,31.803,29.115,28.681,27.935,29.928,30.71,28.491,30.190999999999995,29.147000000000002
2026-07-23 00:00:00+00:00,32.179,31.808,29.125999999999998,28.687,27.944999999999997,29.935,30.712,28.495,30.195999999999998,29.154000000000003
2026-07-24 00:00:00+00:00,32.172000000000004,31.802,29.119999999999997,28.686,27.946999999999996,29.925,30.706,28.498,30.184999999999995,29.149
2026-07-25 00:00:00+00:00,,31.803,29.128999999999998,28.694000000000003,27.951999999999998,29.927,30.706,28.501,30.188999999999997,29.152
2026-07-26 00:00:00+00:00,32.192,31.818,29.145,28.700000000000003,27.961999999999996,29.948,30.715,28.509,30.205,29.165000000000003
2026-07-27 00:00:00+00:00,32.191,31.818,29.146,28.705000000000002,27.967999999999996,29.945999999999998,30.712,28.512,30.197999999999997,29.163
2026-07-28 00:00:00+00:00,32.166000000000004,31.797,29.128999999999998,28.699,27.949999999999996,29.919,30.701,28.506,30.176999999999996,29.147000000000002
2026-07-29 00:00:00+00:00,32.154,31.786,29.119,28.699,27.939999999999998,29.909,30.704,28.507,30.167999999999996,29.142000000000003
2026-07-30 00:00:00+00:00,32.161,31.791,29.133,28.708000000000002,27.944999999999997,29.918,30.711,28.515,30.175999999999995,29.148000000000003
2026-07-31 00:00:00+00:00,32.172000000000004,31.799,29.144,28.712000000000003,27.936999999999998,29.929,30.714,28.518,30.183999999999997,
2026-08-01 00:00:00+00:00,32.166000000000004,31.794,29.139,28.711000000000002,27.916999999999998,29.92,30.707,28.522000000000002,30.176999999999996,29.148000000000003
2026-08-02 00:00:00+00:00,32.155,31.784000000000002,29.13,28.707,27.895999999999997,29.908,30.701999999999998,28.521,30.164999999999996,29.142000000000003
2026-08-03 00:00:00+00:00,32.154,31.783,29.137,28.709000000000003,27.886999999999997,29.908,30.708,28.523,30.165999999999997,29.144000000000002
2026-08-04 00:00:00+00:00,32.166000000000004,31.792,29.148,28.715000000000003,27.882999999999996,29.924,30.722,28.529,30.178999999999995,29.152
2026-08-05 00:00:00+00:00,32.168000000000006,31.793,29.151,28.715000000000003,27.872999999999998,29.925,30.727999999999998,28.532,30.179999999999996,29.155
2026-08-06 00:00:00+00:00,,31.791,29.149,28.715000000000003,27.858999999999998,29.922,30.732,28.534,30.177999999999997,29.154000000000003
2026-08-07 00:00:00+00:00,32.076,31.785,29.148,28.712000000000003,27.839999999999996,29.914,,28.533,30.168999999999997,29.150000000000002
2026-08-08 00:00:00+00:00,32.073,31.78,29.14,28.706000000000003,27.823999999999998,29.906,30.733999999999998,28.534,30.162,29.145000000000003
2026-08-09 00:00:00+00:00,32.074000000000005,31.779000000000003,29.144,28.704,27.81,29.908,30.735,28.536,30.163999999999998,
2026-08-10 00:00:00+00:00,32.093,31.793,29.158,28.712000000000003,27.807999999999996,29.928,30.738,28.542,30.181999999999995,29.157000000000004
2026-08-11 00:00:00+00:00,32.094,31.793,29.153,28.708000000000002,27.799,29.927,30.735,28.542,30.178999999999995,29.152
2026-08-12 00:00:00+00:00,32.069,31.773000000000003,29.128999999999998,28.691000000000003,27.775999999999996,29.9,30.717,28.534,30.154999999999998,29.139000000000003
2026-08-13 00:00:00+00:00,32.095000000000006,31.769000000000002,29.124,28.684,27.757999999999996,29.898,30.708,28.533,30.153,
2026-08-14 00:00:00+00:00,32.097,31.771,29.125999999999998,28.681,27.74,29.901,30.703,28.536,30.153999999999996,29.138
2026-08-15 00:00:00+00:00,32.111000000000004,31.783,29.137,28.688000000000002,27.726,29.916,30.708,28.544,30.165999999999997,29.143
2026-08-16 00:00:00+00:00,32.119,31.789,29.142,28.687,27.709999999999997,29.922,30.707,28.546,30.167999999999996,29.141000000000002
2026-08-17 00:00:00+00:00,32.107,31.776000000000003,29.127,28.676000000000002,27.688999999999997,29.904,30.701,28.542,30.153,29.136000000000003
2026-08-18 00:00:00+00:00,32.117000000000004,31.782000000000004,29.139,28.679000000000002,27.680999999999997,29.912,30.715,28.546,30.162999999999997,
2026-08-19 00:00:00+00:00,32.120000000000005,31.785,29.146,28.68,27.676,29.917,30.726,28.546,30.169999999999998,29.150000000000002
2026-08-20 00:00:00+00:00,32.123000000000005,31.788,29.15,28.679000000000002,27.671999999999997,29.921,30.73,28.547,30.174999999999997,29.154000000000003
2026-08-21 00:00:00+00:00,32.111000000000004,31.778000000000002,29.143,28.672,27.657999999999998,29.91,30.730999999999998,28.542,30.163999999999998,29.149
2026-08-22 00:00:00+00:00,32.106,31.775000000000002,29.143,28.671000000000003,27.644,29.908,30.735999999999997,28.541,30.162,29.148000000000003
2026-08-23 00:00:00+00:00,32.095000000000006,31.767000000000003,29.131,28.664,27.625999999999998,29.896,30.732999999999997,28.535,30.150999999999996,29.142000000000003
2026-08-24 00:00:00+00:00,32.09,31.761000000000003,29.119999999999997,28.654000000000003,27.61,29.89,30.724,28.528,30.144999999999996,29.137
2026-08-25 00:00:00+00:00,32.087,31.758000000000003,29.117,28.649,27.595999999999997,29.887999999999998,30.72,28.526,30.142999999999997,29.137
2026-08-26 00:00:00+00:00,32.099000000000004,31.766000000000002,29.128999999999998,28.652,27.586,29.901,30.72,28.53,30.153999999999996,
2026-08-27 00:00:00+00:00,32.089000000000006,31.757,29.117,28.642000000000003,27.568999999999996,29.889,30.712,28.525000000000002,30.142999999999997,29.133000000000003
2026-08-28 00:00:00+00:00,,31.762,29.122,28.642000000000003,27.552999999999997,29.896,30.708,28.526,30.148999999999997,
2026-08-29 00:00:00+00:00,32.106,31.771,29.128,28.641000000000002,27.535999999999998,29.906,30.711,28.529,30.153999999999996,29.139000000000003
2026-08-30 00:00:00+00:00,32.095000000000006,31.764000000000003,29.116,28.635,,29.895,30.703,28.524,30.144999999999996,29.133000000000003
2026-08-31 00:00:00+00:00,32.094,31.763,29.111,28.629,27.493999999999996,29.892,30.698999999999998,28.522000000000002,30.141,29.129
2026-09-01 00:00:00+00:00,32.091,31.758000000000003,29.107,28.623,27.473,29.89,30.694,28.518,30.139999999999997,29.129
2026-09-02 00:00:00+00:00,32.084,31.752000000000002,29.092,28.613,27.445999999999998,29.878999999999998,30.692,28.508000000000003,30.130999999999997,29.124000000000002
2026-09-03 00:00:00+00:00,32.083000000000006,31.751,29.09,28.606,27.421,29.878,30.692999999999998,28.505000000000003,30.128999999999998,29.123
2026-09-04 00:00:00+00:00,32.09,31.757,29.1,28.606,27.398999999999997,29.887999999999998,30.698999999999998,28.507,30.137999999999998,
2026-09-05 00:00:00+00:00,32.105000000000004,31.769000000000002,29.115,28.607000000000003,27.376999999999995,29.901,30.705,28.513,30.151999999999997,29.133000000000003
2026-09-06 00:00:00+00:00,32.079,31.749000000000002,29.087,28.593000000000004,27.346999999999998,29.874,30.697,28.498,30.125999999999998,29.118000000000002
2026-09-07 00:00:00+00:00,32.071000000000005,31.742,29.067999999999998,28.581000000000003,27.319999999999997,29.862000000000002,30.694,28.486,30.114999999999995,29.114
2026-09-08 00:00:00+00:00,,31.75,29.084,28.580000000000002,27.296,29.875999999999998,30.707,28.489,30.128999999999998,29.121000000000002
2026-09-09 00:00:00+00:00,32.1,31.767000000000003,29.102999999999998,28.582,27.276999999999997,29.896,30.717,28.497,30.147999999999996,29.128
2026-09-10 00:00:00+00:00,32.087,31.756,29.084,28.57,27.250999999999998,29.878,30.708,28.485,30.130999999999997,29.114
2026-09-11 00:00:00+00:00,32.069,31.739,29.061999999999998,28.559,27.223999999999997,29.859,30.692,28.475,30.110999999999997,29.108
2026-09-12 00:00:00+00:00,32.069,31.740000000000002,29.064,28.553,27.197999999999997,29.86,30.688,28.474,30.112999999999996,29.108
2026-09-13 00:00:00+00:00,32.065000000000005,31.737000000000002,29.058999999999997,28.546000000000003,27.171999999999997,,30.683,28.469,30.109999999999996,29.105
2026-09-14 00:00:00+00:00,32.073,31.740000000000002,29.061999999999998,28.539,27.147999999999996,29.862000000000002,30.683,28.468,30.114999999999995,29.106
2026-09-15 00:00:00+00:00,32.06100000000001,31.733,29.047,28.53,27.126999999999995,29.849,30.677999999999997,28.459,30.102999999999998,29.1
2026-09-16 00:00:00+00:00,32.073,31.743000000000002,29.063,28.527,27.107,29.866,30.689,28.465,30.118999999999996,29.107
2026-09-17 00:00:00+00:00,32.077000000000005,31.745,29.058999999999997,28.519000000000002,27.086,29.865,30.692999999999998,28.459,30.118999999999996,
2026-09-18 00:00:00+00:00,32.072,31.741,29.058999999999997,28.514000000000003,27.063999999999997,29.86,30.695,28.458000000000002,30.120999999999995,29.104
2026-09-19 00:00:00+00:00,32.066,31.737000000000002,29.05,28.506,27.046,29.853,30.698999999999998,28.451,30.114999999999995,29.098000000000003
2026-09-20 00:00:00+00:00,32.059000000000005,31.731,29.043,28.498,27.028999999999996,29.847,30.692999999999998,28.446,30.104999999999997,29.096000000000004
2026-09-21 00:00:00+00:00,32.062000000000005,31.733,29.043,28.491,27.013999999999996,29.851,30.692999999999998,28.444000000000003,30.110999999999997,29.096000000000004
2026-09-22 00:00:00+00:00,,31.726000000000003,29.03,28.48,26.994999999999997,29.842,30.683,28.436,30.098999999999997,
