Datum;Niederschlag_mm;HYRAS_Latitude;HYRAS_Longitude;HYRAS_x;HYRAS_y;Anzahl_Stationen;HYRAS_Version;Datenstatus
2025-01-01;1,2;52,56150818;13,28217888;4543500,0;3277500,0;2505;v6-1;partly_checked
2025-01-02;0,0;52,56150818;13,28217888;4543500,0;3277500,0;2501;v6-1;partly_checked
2025-01-03;0,4;52,56150818;13,28217888;4543500,0;3277500,0;2490;v6-1;partly_checked
2025-01-04;0,0;52,56150818;13,28217888;4543500,0;3277500,0;2494;v6-1;partly_checked
2025-01-05;11,1;52,56150818;13,28217888;4543500,0;3277500,0;2501;v6-1;partly_checked
2025-01-06;1,1;52,56150818;13,28217888;4543500,0;3277500,0;2487;v6-1;partly_checked
2025-01-07;3,1;52,56150818;13,28217888;4543500,0;3277500,0;2508;v6-1;partly_checked
2025-01-08;1,1;52,56150818;13,28217888;4543500,0;3277500,0;2509;v6-1;partly_checked
2025-01-09;10,9;52,56150818;13,28217888;4543500,0;3277500,0;2509;v6-1;partly_checked
2025-01-10;2,9;52,56150818;13,28217888;4543500,0;3277500,0;2498;v6-1;partly_checked
2025-01-11;0,2;52,56150818;13,28217888;4543500,0;3277500,0;2501;v6-1;partly_checked
2025-01-12;0,0;52,56150818;13,28217888;4543500,0;3277500,0;2504;v6-1;partly_checked
2025-01-13;0,0;52,56150818;13,28217888;4543500,0;3277500,0;2511;v6-1;partly_checked
2025-01-14;0,7;52,56150818;13,28217888;4543500,0;3277500,0;2509;v6-1;partly_checked
2025-01-15;0,1;52,56150818;13,28217888;4543500,0;3277500,0;2510;v6-1;partly_checked
2025-01-16;0,0;52,56150818;13,28217888;4543500,0;3277500,0;2509;v6-1;partly_checked
2025-01-17;0,0;52,56150818;13,28217888;4543500,0;3277500,0;2503;v6-1;partly_checked
2025-01-18;0,0;52,56150818;13,28217888;4543500,0;3277500,0;2504;v6-1;partly_checked
2025-01-19;0,0;52,56150818;13,28217888;4543500,0;3277500,0;2506;v6-1;partly_checked
2025-01-20;0,0;52,56150818;13,28217888;4543500,0;3277500,0;2511;v6-1;partly_checked
2025-01-21;0,0;52,56150818;13,28217888;4543500,0;3277500,0;2514;v6-1;partly_checked
2025-01-22;0,0;52,56150818;13,28217888;4543500,0;3277500,0;2512;v6-1;partly_checked
2025-01-23;5,3;52,56150818;13,28217888;4543500,0;3277500,0;2503;v6-1;partly_checked
2025-01-24;1,3;52,56150818;13,28217888;4543500,0;3277500,0;2494;v6-1;partly_checked
2025-01-25;1,8;52,56150818;13,28217888;4543500,0;3277500,0;2495;v6-1;partly_checked
2025-01-26;1,8;52,56150818;13,28217888;4543500,0;3277500,0;2511;v6-1;partly_checked
2025-01-27;2,5;52,56150818;13,28217888;4543500,0;3277500,0;2511;v6-1;partly_checked
2025-01-28;2,2;52,56150818;13,28217888;4543500,0;3277500,0;2506;v6-1;partly_checked
2025-01-29;0,9;52,56150818;13,28217888;4543500,0;3277500,0;2515;v6-1;partly_checked
2025-01-30;1,7;52,56150818;13,28217888;4543500,0;3277500,0;2368;v6-1;partly_checked
2025-01-31;0,0;52,56150818;13,28217888;4543500,0;3277500,0;2503;v6-1;partly_checked
2025-02-01;0,1;52,56150818;13,28217888;4543500,0;3277500,0;2506;v6-1;partly_checked
2025-02-02;0,0;52,56150818;13,28217888;4543500,0;3277500,0;2521;v6-1;partly_checked
2025-02-03;0,0;52,56150818;13,28217888;4543500,0;3277500,0;2520;v6-1;partly_checked
2025-02-04;0,0;52,56150818;13,28217888;4543500,0;3277500,0;2522;v6-1;partly_checked
2025-02-05;0,0;52,56150818;13,28217888;4543500,0;3277500,0;2522;v6-1;partly_checked
2025-02-06;0,0;52,56150818;13,28217888;4543500,0;3277500,0;2523;v6-1;partly_checked
2025-02-07;0,0;52,56150818;13,28217888;4543500,0;3277500,0;2498;v6-1;partly_checked
2025-02-08;0,0;52,56150818;13,28217888;4543500,0;3277500,0;2513;v6-1;partly_checked
2025-02-09;0,0;52,56150818;13,28217888;4543500,0;3277500,0;2522;v6-1;partly_checked
2025-02-10;0,0;52,56150818;13,28217888;4543500,0;3277500,0;2523;v6-1;partly_checked
2025-02-11;0,0;52,56150818;13,28217888;4543500,0;3277500,0;2525;v6-1;partly_checked
2025-02-12;0,2;52,56150818;13,28217888;4543500,0;3277500,0;2525;v6-1;partly_checked
2025-02-13;4,5;52,56150818;13,28217888;4543500,0;3277500,0;2523;v6-1;partly_checked
2025-02-14;0,5;52,56150818;13,28217888;4543500,0;3277500,0;2500;v6-1;partly_checked
2025-02-15;0,0;52,56150818;13,28217888;4543500,0;3277500,0;2493;v6-1;partly_checked
2025-02-16;0,0;52,56150818;13,28217888;4543500,0;3277500,0;2508;v6-1;partly_checked
2025-02-17;0,0;52,56150818;13,28217888;4543500,0;3277500,0;2517;v6-1;partly_checked
2025-02-18;0,0;52,56150818;13,28217888;4543500,0;3277500,0;2525;v6-1;partly_checked
2025-02-19;0,0;52,56150818;13,28217888;4543500,0;3277500,0;2524;v6-1;partly_checked
2025-02-20;0,0;52,56150818;13,28217888;4543500,0;3277500,0;2524;v6-1;partly_checked
2025-02-21;0,0;52,56150818;13,28217888;4543500,0;3277500,0;2515;v6-1;partly_checked
2025-02-22;0,0;52,56150818;13,28217888;4543500,0;3277500,0;2515;v6-1;partly_checked
2025-02-23;0,0;52,56150818;13,28217888;4543500,0;3277500,0;2526;v6-1;partly_checked
2025-02-24;1,7;52,56150818;13,28217888;4543500,0;3277500,0;2524;v6-1;partly_checked
2025-02-25;0,6;52,56150818;13,28217888;4543500,0;3277500,0;2523;v6-1;partly_checked
2025-02-26;1,9;52,56150818;13,28217888;4543500,0;3277500,0;2524;v6-1;partly_checked
2025-02-27;0,2;52,56150818;13,28217888;4543500,0;3277500,0;2522;v6-1;partly_checked
2025-02-28;3,1;52,56150818;13,28217888;4543500,0;3277500,0;2512;v6-1;partly_checked
2025-03-01;0,0;52,56150818;13,28217888;4543500,0;3277500,0;2502;v6-1;partly_checked
2025-03-02;0,0;52,56150818;13,28217888;4543500,0;3277500,0;2523;v6-1;partly_checked
2025-03-03;0,0;52,56150818;13,28217888;4543500,0;3277500,0;2520;v6-1;partly_checked
2025-03-04;0,0;52,56150818;13,28217888;4543500,0;3277500,0;2520;v6-1;partly_checked
2025-03-05;0,0;52,56150818;13,28217888;4543500,0;3277500,0;2521;v6-1;partly_checked
2025-03-06;0,0;52,56150818;13,28217888;4543500,0;3277500,0;2522;v6-1;partly_checked
2025-03-07;0,0;52,56150818;13,28217888;4543500,0;3277500,0;2509;v6-1;partly_checked
2025-03-08;0,0;52,56150818;13,28217888;4543500,0;3277500,0;2509;v6-1;partly_checked
2025-03-09;0,0;52,56150818;13,28217888;4543500,0;3277500,0;2511;v6-1;partly_checked
2025-03-10;0,0;52,56150818;13,28217888;4543500,0;3277500,0;2517;v6-1;partly_checked
2025-03-11;0,0;52,56150818;13,28217888;4543500,0;3277500,0;2519;v6-1;partly_checked
2025-03-12;0,0;52,56150818;13,28217888;4543500,0;3277500,0;2510;v6-1;partly_checked
2025-03-13;0,0;52,56150818;13,28217888;4543500,0;3277500,0;2510;v6-1;partly_checked
2025-03-14;0,0;52,56150818;13,28217888;4543500,0;3277500,0;2507;v6-1;partly_checked
2025-03-15;0,1;52,56150818;13,28217888;4543500,0;3277500,0;2507;v6-1;partly_checked
2025-03-16;0,0;52,56150818;13,28217888;4543500,0;3277500,0;2510;v6-1;partly_checked
2025-03-17;0,0;52,56150818;13,28217888;4543500,0;3277500,0;2484;v6-1;partly_checked
2025-03-18;0,0;52,56150818;13,28217888;4543500,0;3277500,0;2511;v6-1;partly_checked
2025-03-19;0,0;52,56150818;13,28217888;4543500,0;3277500,0;2512;v6-1;partly_checked
2025-03-20;0,0;52,56150818;13,28217888;4543500,0;3277500,0;2515;v6-1;partly_checked
2025-03-21;0,0;52,56150818;13,28217888;4543500,0;3277500,0;2502;v6-1;partly_checked
2025-03-22;0,0;52,56150818;13,28217888;4543500,0;3277500,0;2502;v6-1;partly_checked
2025-03-23;0,0;52,56150818;13,28217888;4543500,0;3277500,0;2511;v6-1;partly_checked
2025-03-24;0,0;52,56150818;13,28217888;4543500,0;3277500,0;2503;v6-1;partly_checked
2025-03-25;0,1;52,56150818;13,28217888;4543500,0;3277500,0;2496;v6-1;partly_checked
2025-03-26;0,1;52,56150818;13,28217888;4543500,0;3277500,0;2523;v6-1;partly_checked
2025-03-27;0,0;52,56150818;13,28217888;4543500,0;3277500,0;2524;v6-1;partly_checked
2025-03-28;0,0;52,56150818;13,28217888;4543500,0;3277500,0;2505;v6-1;partly_checked
2025-03-29;0,0;52,56150818;13,28217888;4543500,0;3277500,0;2499;v6-1;partly_checked
2025-03-30;5,1;52,56150818;13,28217888;4543500,0;3277500,0;2488;v6-1;partly_checked
2025-03-31;0,2;52,56150818;13,28217888;4543500,0;3277500,0;2519;v6-1;partly_checked
2025-04-01;0,0;52,56150818;13,28217888;4543500,0;3277500,0;2521;v6-1;partly_checked
2025-04-02;0,0;52,56150818;13,28217888;4543500,0;3277500,0;2536;v6-1;partly_checked
2025-04-03;0,0;52,56150818;13,28217888;4543500,0;3277500,0;2537;v6-1;partly_checked
2025-04-04;0,0;52,56150818;13,28217888;4543500,0;3277500,0;2527;v6-1;partly_checked
2025-04-05;0,0;52,56150818;13,28217888;4543500,0;3277500,0;2521;v6-1;partly_checked
2025-04-06;0,0;52,56150818;13,28217888;4543500,0;3277500,0;2516;v6-1;partly_checked
2025-04-07;0,0;52,56150818;13,28217888;4543500,0;3277500,0;2535;v6-1;partly_checked
2025-04-08;0,0;52,56150818;13,28217888;4543500,0;3277500,0;2536;v6-1;partly_checked
2025-04-09;0,0;52,56150818;13,28217888;4543500,0;3277500,0;2531;v6-1;partly_checked
2025-04-10;0,0;52,56150818;13,28217888;4543500,0;3277500,0;2530;v6-1;partly_checked
2025-04-11;0,0;52,56150818;13,28217888;4543500,0;3277500,0;2505;v6-1;partly_checked
2025-04-12;0,0;52,56150818;13,28217888;4543500,0;3277500,0;2504;v6-1;partly_checked
2025-04-13;0,0;52,56150818;13,28217888;4543500,0;3277500,0;2504;v6-1;partly_checked
2025-04-14;0,0;52,56150818;13,28217888;4543500,0;3277500,0;2533;v6-1;partly_checked
2025-04-15;0,0;52,56150818;13,28217888;4543500,0;3277500,0;2527;v6-1;partly_checked
2025-04-16;0,0;52,56150818;13,28217888;4543500,0;3277500,0;2512;v6-1;partly_checked
2025-04-17;0,0;52,56150818;13,28217888;4543500,0;3277500,0;2519;v6-1;partly_checked
2025-04-18;8,5;52,56150818;13,28217888;4543500,0;3277500,0;2515;v6-1;partly_checked
2025-04-19;1,8;52,56150818;13,28217888;4543500,0;3277500,0;2513;v6-1;partly_checked
2025-04-20;0,6;52,56150818;13,28217888;4543500,0;3277500,0;2510;v6-1;partly_checked
2025-04-21;0,0;52,56150818;13,28217888;4543500,0;3277500,0;2515;v6-1;partly_checked
2025-04-22;0,2;52,56150818;13,28217888;4543500,0;3277500,0;2523;v6-1;partly_checked
2025-04-23;1,1;52,56150818;13,28217888;4543500,0;3277500,0;2513;v6-1;partly_checked
2025-04-24;0,0;52,56150818;13,28217888;4543500,0;3277500,0;2527;v6-1;partly_checked
2025-04-25;0,0;52,56150818;13,28217888;4543500,0;3277500,0;2519;v6-1;partly_checked
2025-04-26;0,0;52,56150818;13,28217888;4543500,0;3277500,0;2520;v6-1;partly_checked
2025-04-27;0,0;52,56150818;13,28217888;4543500,0;3277500,0;2532;v6-1;partly_checked
2025-04-28;0,0;52,56150818;13,28217888;4543500,0;3277500,0;2530;v6-1;partly_checked
2025-04-29;0,0;52,56150818;13,28217888;4543500,0;3277500,0;2534;v6-1;partly_checked
2025-04-30;0,0;52,56150818;13,28217888;4543500,0;3277500,0;2524;v6-1;partly_checked
2025-05-01;0,0;52,56150818;13,28217888;4543500,0;3277500,0;2533;v6-1;partly_checked
2025-05-02;1,6;52,56150818;13,28217888;4543500,0;3277500,0;2520;v6-1;partly_checked
2025-05-03;0,3;52,56150818;13,28217888;4543500,0;3277500,0;2515;v6-1;partly_checked
2025-05-04;1,4;52,56150818;13,28217888;4543500,0;3277500,0;2532;v6-1;partly_checked
2025-05-05;0,0;52,56150818;13,28217888;4543500,0;3277500,0;2533;v6-1;partly_checked
2025-05-06;0,0;52,56150818;13,28217888;4543500,0;3277500,0;2534;v6-1;partly_checked
2025-05-07;0,0;52,56150818;13,28217888;4543500,0;3277500,0;2537;v6-1;partly_checked
2025-05-08;0,0;52,56150818;13,28217888;4543500,0;3277500,0;2534;v6-1;partly_checked
2025-05-09;0,0;52,56150818;13,28217888;4543500,0;3277500,0;2527;v6-1;partly_checked
2025-05-10;0,0;52,56150818;13,28217888;4543500,0;3277500,0;2530;v6-1;partly_checked
2025-05-11;0,0;52,56150818;13,28217888;4543500,0;3277500,0;2539;v6-1;partly_checked
2025-05-12;0,0;52,56150818;13,28217888;4543500,0;3277500,0;2519;v6-1;partly_checked
2025-05-13;0,0;52,56150818;13,28217888;4543500,0;3277500,0;2540;v6-1;partly_checked
2025-05-14;0,0;52,56150818;13,28217888;4543500,0;3277500,0;2539;v6-1;partly_checked
2025-05-15;1,1;52,56150818;13,28217888;4543500,0;3277500,0;2539;v6-1;partly_checked
2025-05-16;0,3;52,56150818;13,28217888;4543500,0;3277500,0;2529;v6-1;partly_checked
2025-05-17;0,3;52,56150818;13,28217888;4543500,0;3277500,0;2527;v6-1;partly_checked
2025-05-18;3,0;52,56150818;13,28217888;4543500,0;3277500,0;2537;v6-1;partly_checked
2025-05-19;0,0;52,56150818;13,28217888;4543500,0;3277500,0;2536;v6-1;partly_checked
2025-05-20;0,0;52,56150818;13,28217888;4543500,0;3277500,0;2537;v6-1;partly_checked
2025-05-21;0,0;52,56150818;13,28217888;4543500,0;3277500,0;2533;v6-1;partly_checked
2025-05-22;0,0;52,56150818;13,28217888;4543500,0;3277500,0;2531;v6-1;partly_checked
2025-05-23;6,1;52,56150818;13,28217888;4543500,0;3277500,0;2519;v6-1;partly_checked
2025-05-24;0,0;52,56150818;13,28217888;4543500,0;3277500,0;2516;v6-1;partly_checked
2025-05-25;3,2;52,56150818;13,28217888;4543500,0;3277500,0;2523;v6-1;partly_checked
2025-05-26;0,0;52,56150818;13,28217888;4543500,0;3277500,0;2532;v6-1;partly_checked
2025-05-27;1,0;52,56150818;13,28217888;4543500,0;3277500,0;2519;v6-1;partly_checked
2025-05-28;12,4;52,56150818;13,28217888;4543500,0;3277500,0;2505;v6-1;partly_checked
2025-05-29;1,9;52,56150818;13,28217888;4543500,0;3277500,0;2526;v6-1;partly_checked
2025-05-30;0,0;52,56150818;13,28217888;4543500,0;3277500,0;2521;v6-1;partly_checked
2025-05-31;0,0;52,56150818;13,28217888;4543500,0;3277500,0;2514;v6-1;partly_checked
2025-06-01;0,0;52,56150818;13,28217888;4543500,0;3277500,0;2511;v6-1;partly_checked
2025-06-02;0,9;52,56150818;13,28217888;4543500,0;3277500,0;2521;v6-1;partly_checked
2025-06-03;0,0;52,56150818;13,28217888;4543500,0;3277500,0;2524;v6-1;partly_checked
2025-06-04;0,0;52,56150818;13,28217888;4543500,0;3277500,0;2517;v6-1;partly_checked
2025-06-05;1,0;52,56150818;13,28217888;4543500,0;3277500,0;2525;v6-1;partly_checked
2025-06-06;0,0;52,56150818;13,28217888;4543500,0;3277500,0;2517;v6-1;partly_checked
2025-06-07;14,0;52,56150818;13,28217888;4543500,0;3277500,0;2516;v6-1;partly_checked
2025-06-08;7,0;52,56150818;13,28217888;4543500,0;3277500,0;2497;v6-1;partly_checked
2025-06-09;0,0;52,56150818;13,28217888;4543500,0;3277500,0;2507;v6-1;partly_checked
2025-06-10;2,0;52,56150818;13,28217888;4543500,0;3277500,0;2521;v6-1;partly_checked
2025-06-11;0,0;52,56150818;13,28217888;4543500,0;3277500,0;2534;v6-1;partly_checked
2025-06-12;0,0;52,56150818;13,28217888;4543500,0;3277500,0;2532;v6-1;partly_checked
2025-06-13;0,0;52,56150818;13,28217888;4543500,0;3277500,0;2520;v6-1;partly_checked
2025-06-14;0,0;52,56150818;13,28217888;4543500,0;3277500,0;2515;v6-1;partly_checked
2025-06-15;0,6;52,56150818;13,28217888;4543500,0;3277500,0;2525;v6-1;partly_checked
2025-06-16;0,0;52,56150818;13,28217888;4543500,0;3277500,0;2528;v6-1;partly_checked
2025-06-17;0,0;52,56150818;13,28217888;4543500,0;3277500,0;2531;v6-1;partly_checked
2025-06-18;0,0;52,56150818;13,28217888;4543500,0;3277500,0;2529;v6-1;partly_checked
2025-06-19;0,0;52,56150818;13,28217888;4543500,0;3277500,0;2530;v6-1;partly_checked
2025-06-20;0,0;52,56150818;13,28217888;4543500,0;3277500,0;2521;v6-1;partly_checked
2025-06-21;0,0;52,56150818;13,28217888;4543500,0;3277500,0;2518;v6-1;partly_checked
2025-06-22;1,1;52,56150818;13,28217888;4543500,0;3277500,0;2524;v6-1;partly_checked
2025-06-23;1,7;52,56150818;13,28217888;4543500,0;3277500,0;2522;v6-1;partly_checked
2025-06-24;3,6;52,56150818;13,28217888;4543500,0;3277500,0;2530;v6-1;partly_checked
2025-06-25;0,6;52,56150818;13,28217888;4543500,0;3277500,0;2523;v6-1;partly_checked
2025-06-26;1,2;52,56150818;13,28217888;4543500,0;3277500,0;2518;v6-1;partly_checked
2025-06-27;0,7;52,56150818;13,28217888;4543500,0;3277500,0;2513;v6-1;partly_checked
2025-06-28;0,0;52,56150818;13,28217888;4543500,0;3277500,0;2515;v6-1;partly_checked
2025-06-29;0,0;52,56150818;13,28217888;4543500,0;3277500,0;2527;v6-1;partly_checked
2025-06-30;0,0;52,56150818;13,28217888;4543500,0;3277500,0;2528;v6-1;partly_checked
2025-07-01;0,0;52,56150818;13,28217888;4543500,0;3277500,0;2550;v6-1;partly_checked
2025-07-02;0,0;52,56150818;13,28217888;4543500,0;3277500,0;2544;v6-1;partly_checked
2025-07-03;0,4;52,56150818;13,28217888;4543500,0;3277500,0;2548;v6-1;partly_checked
2025-07-04;0,0;52,56150818;13,28217888;4543500,0;3277500,0;2529;v6-1;partly_checked
2025-07-05;0,0;52,56150818;13,28217888;4543500,0;3277500,0;2540;v6-1;partly_checked
2025-07-06;0,0;52,56150818;13,28217888;4543500,0;3277500,0;2543;v6-1;partly_checked
2025-07-07;7,3;52,56150818;13,28217888;4543500,0;3277500,0;2530;v6-1;partly_checked
2025-07-08;0,0;52,56150818;13,28217888;4543500,0;3277500,0;2546;v6-1;partly_checked
2025-07-09;0,8;52,56150818;13,28217888;4543500,0;3277500,0;2549;v6-1;partly_checked
2025-07-10;4,5;52,56150818;13,28217888;4543500,0;3277500,0;2546;v6-1;partly_checked
2025-07-11;8,3;52,56150818;13,28217888;4543500,0;3277500,0;2524;v6-1;partly_checked
2025-07-12;12,2;52,56150818;13,28217888;4543500,0;3277500,0;2527;v6-1;partly_checked
2025-07-13;0,5;52,56150818;13,28217888;4543500,0;3277500,0;2533;v6-1;partly_checked
2025-07-14;0,0;52,56150818;13,28217888;4543500,0;3277500,0;2542;v6-1;partly_checked
2025-07-15;8,3;52,56150818;13,28217888;4543500,0;3277500,0;2542;v6-1;partly_checked
2025-07-16;8,4;52,56150818;13,28217888;4543500,0;3277500,0;2542;v6-1;partly_checked
2025-07-17;8,1;52,56150818;13,28217888;4543500,0;3277500,0;2553;v6-1;partly_checked
2025-07-18;0,0;52,56150818;13,28217888;4543500,0;3277500,0;2529;v6-1;partly_checked
2025-07-19;0,0;52,56150818;13,28217888;4543500,0;3277500,0;2508;v6-1;partly_checked
2025-07-20;0,7;52,56150818;13,28217888;4543500,0;3277500,0;2513;v6-1;partly_checked
2025-07-21;23,0;52,56150818;13,28217888;4543500,0;3277500,0;2530;v6-1;partly_checked
2025-07-22;14,3;52,56150818;13,28217888;4543500,0;3277500,0;2530;v6-1;partly_checked
2025-07-23;12,3;52,56150818;13,28217888;4543500,0;3277500,0;2554;v6-1;partly_checked
2025-07-24;2,3;52,56150818;13,28217888;4543500,0;3277500,0;2554;v6-1;partly_checked
2025-07-25;0,9;52,56150818;13,28217888;4543500,0;3277500,0;2535;v6-1;partly_checked
2025-07-26;0,0;52,56150818;13,28217888;4543500,0;3277500,0;2542;v6-1;partly_checked
2025-07-27;0,7;52,56150818;13,28217888;4543500,0;3277500,0;2549;v6-1;partly_checked
2025-07-28;0,5;52,56150818;13,28217888;4543500,0;3277500,0;2553;v6-1;partly_checked
2025-07-29;0,6;52,56150818;13,28217888;4543500,0;3277500,0;2552;v6-1;partly_checked
2025-07-30;0,8;52,56150818;13,28217888;4543500,0;3277500,0;2550;v6-1;partly_checked
2025-07-31;3,1;52,56150818;13,28217888;4543500,0;3277500,0;2546;v6-1;partly_checked
2025-08-01;4,5;52,56150818;13,28217888;4543500,0;3277500,0;2534;v6-1;partly_checked
2025-08-02;0,4;52,56150818;13,28217888;4543500,0;3277500,0;2537;v6-1;partly_checked
2025-08-03;2,3;52,56150818;13,28217888;4543500,0;3277500,0;2553;v6-1;partly_checked
2025-08-04;3,8;52,56150818;13,28217888;4543500,0;3277500,0;2553;v6-1;partly_checked
2025-08-05;3,0;52,56150818;13,28217888;4543500,0;3277500,0;2558;v6-1;partly_checked
2025-08-06;0,0;52,56150818;13,28217888;4543500,0;3277500,0;2564;v6-1;partly_checked
2025-08-07;0,0;52,56150818;13,28217888;4543500,0;3277500,0;2556;v6-1;partly_checked
2025-08-08;0,0;52,56150818;13,28217888;4543500,0;3277500,0;2554;v6-1;partly_checked
2025-08-09;0,0;52,56150818;13,28217888;4543500,0;3277500,0;2553;v6-1;partly_checked
2025-08-10;0,0;52,56150818;13,28217888;4543500,0;3277500,0;2565;v6-1;partly_checked
2025-08-11;0,0;52,56150818;13,28217888;4543500,0;3277500,0;2564;v6-1;partly_checked
2025-08-12;0,0;52,56150818;13,28217888;4543500,0;3277500,0;2566;v6-1;partly_checked
2025-08-13;0,0;52,56150818;13,28217888;4543500,0;3277500,0;2565;v6-1;partly_checked
2025-08-14;0,0;52,56150818;13,28217888;4543500,0;3277500,0;2558;v6-1;partly_checked
2025-08-15;0,0;52,56150818;13,28217888;4543500,0;3277500,0;2553;v6-1;partly_checked
2025-08-16;0,0;52,56150818;13,28217888;4543500,0;3277500,0;2549;v6-1;partly_checked
2025-08-17;0,0;52,56150818;13,28217888;4543500,0;3277500,0;2555;v6-1;partly_checked
2025-08-18;0,0;52,56150818;13,28217888;4543500,0;3277500,0;2562;v6-1;partly_checked
2025-08-19;0,0;52,56150818;13,28217888;4543500,0;3277500,0;2561;v6-1;partly_checked
2025-08-20;0,0;52,56150818;13,28217888;4543500,0;3277500,0;2561;v6-1;partly_checked
2025-08-21;0,0;52,56150818;13,28217888;4543500,0;3277500,0;2559;v6-1;partly_checked
2025-08-22;0,0;52,56150818;13,28217888;4543500,0;3277500,0;2548;v6-1;partly_checked
2025-08-23;1,7;52,56150818;13,28217888;4543500,0;3277500,0;2543;v6-1;partly_checked
2025-08-24;0,0;52,56150818;13,28217888;4543500,0;3277500,0;2554;v6-1;partly_checked
2025-08-25;0,0;52,56150818;13,28217888;4543500,0;3277500,0;2555;v6-1;partly_checked
2025-08-26;0,0;52,56150818;13,28217888;4543500,0;3277500,0;2554;v6-1;partly_checked
2025-08-27;1,2;52,56150818;13,28217888;4543500,0;3277500,0;2547;v6-1;partly_checked
2025-08-28;7,6;52,56150818;13,28217888;4543500,0;3277500,0;2548;v6-1;partly_checked
2025-08-29;1,4;52,56150818;13,28217888;4543500,0;3277500,0;2541;v6-1;partly_checked
2025-08-30;0,0;52,56150818;13,28217888;4543500,0;3277500,0;2538;v6-1;partly_checked
2025-08-31;0,0;52,56150818;13,28217888;4543500,0;3277500,0;2544;v6-1;partly_checked
2025-09-01;1,1;52,56150818;13,28217888;4543500,0;3277500,0;2538;v6-1;partly_checked
2025-09-02;5,7;52,56150818;13,28217888;4543500,0;3277500,0;2549;v6-1;partly_checked
2025-09-03;0,0;52,56150818;13,28217888;4543500,0;3277500,0;2544;v6-1;partly_checked
2025-09-04;0,3;52,56150818;13,28217888;4543500,0;3277500,0;2538;v6-1;partly_checked
2025-09-05;3,2;52,56150818;13,28217888;4543500,0;3277500,0;2523;v6-1;partly_checked
2025-09-06;0,0;52,56150818;13,28217888;4543500,0;3277500,0;2526;v6-1;partly_checked
2025-09-07;0,0;52,56150818;13,28217888;4543500,0;3277500,0;2547;v6-1;partly_checked
2025-09-08;0,0;52,56150818;13,28217888;4543500,0;3277500,0;2547;v6-1;partly_checked
2025-09-09;0,0;52,56150818;13,28217888;4543500,0;3277500,0;2546;v6-1;partly_checked
2025-09-10;6,0;52,56150818;13,28217888;4543500,0;3277500,0;2549;v6-1;partly_checked
2025-09-11;4,5;52,56150818;13,28217888;4543500,0;3277500,0;2549;v6-1;partly_checked
2025-09-12;0,2;52,56150818;13,28217888;4543500,0;3277500,0;2519;v6-1;partly_checked
2025-09-13;1,2;52,56150818;13,28217888;4543500,0;3277500,0;2514;v6-1;partly_checked
2025-09-14;2,4;52,56150818;13,28217888;4543500,0;3277500,0;2539;v6-1;partly_checked
2025-09-15;1,7;52,56150818;13,28217888;4543500,0;3277500,0;2542;v6-1;partly_checked
2025-09-16;0,1;52,56150818;13,28217888;4543500,0;3277500,0;2547;v6-1;partly_checked
2025-09-17;0,0;52,56150818;13,28217888;4543500,0;3277500,0;2550;v6-1;partly_checked
2025-09-18;0,1;52,56150818;13,28217888;4543500,0;3277500,0;2550;v6-1;partly_checked
2025-09-19;0,0;52,56150818;13,28217888;4543500,0;3277500,0;2538;v6-1;partly_checked
2025-09-20;0,0;52,56150818;13,28217888;4543500,0;3277500,0;2538;v6-1;partly_checked
2025-09-21;1,1;52,56150818;13,28217888;4543500,0;3277500,0;2544;v6-1;partly_checked
2025-09-22;0,0;52,56150818;13,28217888;4543500,0;3277500,0;2546;v6-1;partly_checked
2025-09-23;0,0;52,56150818;13,28217888;4543500,0;3277500,0;2547;v6-1;partly_checked
2025-09-24;0,0;52,56150818;13,28217888;4543500,0;3277500,0;2542;v6-1;partly_checked
2025-09-25;0,0;52,56150818;13,28217888;4543500,0;3277500,0;2550;v6-1;partly_checked
2025-09-26;0,4;52,56150818;13,28217888;4543500,0;3277500,0;2530;v6-1;partly_checked
2025-09-27;0,0;52,56150818;13,28217888;4543500,0;3277500,0;2542;v6-1;partly_checked
2025-09-28;0,0;52,56150818;13,28217888;4543500,0;3277500,0;2552;v6-1;partly_checked
2025-09-29;0,0;52,56150818;13,28217888;4543500,0;3277500,0;2551;v6-1;partly_checked
2025-09-30;0,0;52,56150818;13,28217888;4543500,0;3277500,0;2536;v6-1;partly_checked
2025-10-01;0,0;52,56150818;13,28217888;4543500,0;3277500,0;2517;v6-1;partly_checked
2025-10-02;0,0;52,56150818;13,28217888;4543500,0;3277500,0;2517;v6-1;partly_checked
2025-10-03;0,0;52,56150818;13,28217888;4543500,0;3277500,0;2518;v6-1;partly_checked
2025-10-04;5,7;52,56150818;13,28217888;4543500,0;3277500,0;2506;v6-1;partly_checked
2025-10-05;0,5;52,56150818;13,28217888;4543500,0;3277500,0;2531;v6-1;partly_checked
2025-10-06;0,0;52,56150818;13,28217888;4543500,0;3277500,0;2512;v6-1;partly_checked
2025-10-07;1,9;52,56150818;13,28217888;4543500,0;3277500,0;2537;v6-1;partly_checked
2025-10-08;1,7;52,56150818;13,28217888;4543500,0;3277500,0;2519;v6-1;partly_checked
2025-10-09;0,1;52,56150818;13,28217888;4543500,0;3277500,0;2521;v6-1;partly_checked
2025-10-10;0,0;52,56150818;13,28217888;4543500,0;3277500,0;2504;v6-1;partly_checked
2025-10-11;0,0;52,56150818;13,28217888;4543500,0;3277500,0;2512;v6-1;partly_checked
2025-10-12;1,0;52,56150818;13,28217888;4543500,0;3277500,0;2521;v6-1;partly_checked
2025-10-13;0,0;52,56150818;13,28217888;4543500,0;3277500,0;2537;v6-1;partly_checked
2025-10-14;2,5;52,56150818;13,28217888;4543500,0;3277500,0;2540;v6-1;partly_checked
2025-10-15;0,1;52,56150818;13,28217888;4543500,0;3277500,0;2539;v6-1;partly_checked
2025-10-16;0,0;52,56150818;13,28217888;4543500,0;3277500,0;2540;v6-1;partly_checked
2025-10-17;0,0;52,56150818;13,28217888;4543500,0;3277500,0;2524;v6-1;partly_checked
2025-10-18;0,0;52,56150818;13,28217888;4543500,0;3277500,0;2527;v6-1;partly_checked
2025-10-19;0,0;52,56150818;13,28217888;4543500,0;3277500,0;2537;v6-1;partly_checked
2025-10-20;0,9;52,56150818;13,28217888;4543500,0;3277500,0;2533;v6-1;partly_checked
2025-10-21;0,0;52,56150818;13,28217888;4543500,0;3277500,0;2523;v6-1;partly_checked
2025-10-22;0,3;52,56150818;13,28217888;4543500,0;3277500,0;2525;v6-1;partly_checked
2025-10-23;1,3;52,56150818;13,28217888;4543500,0;3277500,0;2516;v6-1;partly_checked
2025-10-24;0,0;52,56150818;13,28217888;4543500,0;3277500,0;2504;v6-1;partly_checked
2025-10-25;0,6;52,56150818;13,28217888;4543500,0;3277500,0;2497;v6-1;partly_checked
2025-10-26;5,9;52,56150818;13,28217888;4543500,0;3277500,0;2511;v6-1;partly_checked
2025-10-27;3,1;52,56150818;13,28217888;4543500,0;3277500,0;2519;v6-1;partly_checked
2025-10-28;4,8;52,56150818;13,28217888;4543500,0;3277500,0;2525;v6-1;partly_checked
2025-10-29;4,1;52,56150818;13,28217888;4543500,0;3277500,0;2529;v6-1;partly_checked
2025-10-30;5,7;52,56150818;13,28217888;4543500,0;3277500,0;2522;v6-1;partly_checked
2025-10-31;0,0;52,56150818;13,28217888;4543500,0;3277500,0;2525;v6-1;partly_checked
2025-11-01;3,2;52,56150818;13,28217888;4543500,0;3277500,0;2527;v6-1;partly_checked
2025-11-02;0,0;52,56150818;13,28217888;4543500,0;3277500,0;2536;v6-1;partly_checked
2025-11-03;0,0;52,56150818;13,28217888;4543500,0;3277500,0;2546;v6-1;partly_checked
2025-11-04;0,0;52,56150818;13,28217888;4543500,0;3277500,0;2547;v6-1;partly_checked
2025-11-05;0,0;52,56150818;13,28217888;4543500,0;3277500,0;2549;v6-1;partly_checked
2025-11-06;0,0;52,56150818;13,28217888;4543500,0;3277500,0;2548;v6-1;partly_checked
2025-11-07;0,0;52,56150818;13,28217888;4543500,0;3277500,0;2538;v6-1;partly_checked
2025-11-08;0,0;52,56150818;13,28217888;4543500,0;3277500,0;2534;v6-1;partly_checked
2025-11-09;0,0;52,56150818;13,28217888;4543500,0;3277500,0;2542;v6-1;partly_checked
2025-11-10;0,0;52,56150818;13,28217888;4543500,0;3277500,0;2528;v6-1;partly_checked
2025-11-11;0,3;52,56150818;13,28217888;4543500,0;3277500,0;2543;v6-1;partly_checked
2025-11-12;0,0;52,56150818;13,28217888;4543500,0;3277500,0;2549;v6-1;partly_checked
2025-11-13;0,3;52,56150818;13,28217888;4543500,0;3277500,0;2532;v6-1;partly_checked
2025-11-14;4,3;52,56150818;13,28217888;4543500,0;3277500,0;2520;v6-1;partly_checked
2025-11-15;10,8;52,56150818;13,28217888;4543500,0;3277500,0;2513;v6-1;partly_checked
2025-11-16;3,2;52,56150818;13,28217888;4543500,0;3277500,0;2510;v6-1;partly_checked
2025-11-17;1,1;52,56150818;13,28217888;4543500,0;3277500,0;2523;v6-1;partly_checked
2025-11-18;3,1;52,56150818;13,28217888;4543500,0;3277500,0;2509;v6-1;partly_checked
2025-11-19;1,6;52,56150818;13,28217888;4543500,0;3277500,0;2517;v6-1;partly_checked
2025-11-20;0,0;52,56150818;13,28217888;4543500,0;3277500,0;2515;v6-1;partly_checked
2025-11-21;0,0;52,56150818;13,28217888;4543500,0;3277500,0;2512;v6-1;partly_checked
2025-11-22;0,0;52,56150818;13,28217888;4543500,0;3277500,0;2516;v6-1;partly_checked
2025-11-23;0,3;52,56150818;13,28217888;4543500,0;3277500,0;2519;v6-1;partly_checked
2025-11-24;0,0;52,56150818;13,28217888;4543500,0;3277500,0;2510;v6-1;partly_checked
2025-11-25;0,0;52,56150818;13,28217888;4543500,0;3277500,0;2523;v6-1;partly_checked
2025-11-26;0,0;52,56150818;13,28217888;4543500,0;3277500,0;2526;v6-1;partly_checked
2025-11-27;0,0;52,56150818;13,28217888;4543500,0;3277500,0;2525;v6-1;partly_checked
2025-11-28;2,3;52,56150818;13,28217888;4543500,0;3277500,0;2516;v6-1;partly_checked
2025-11-29;0,0;52,56150818;13,28217888;4543500,0;3277500,0;2510;v6-1;partly_checked
2025-11-30;0,8;52,56150818;13,28217888;4543500,0;3277500,0;2524;v6-1;partly_checked
2025-12-01;0,3;52,56150818;13,28217888;4543500,0;3277500,0;2494;v6-1;partly_checked
2025-12-02;0,0;52,56150818;13,28217888;4543500,0;3277500,0;2520;v6-1;partly_checked
2025-12-03;0,1;52,56150818;13,28217888;4543500,0;3277500,0;2524;v6-1;partly_checked
2025-12-04;0,0;52,56150818;13,28217888;4543500,0;3277500,0;2510;v6-1;partly_checked
2025-12-05;1,7;52,56150818;13,28217888;4543500,0;3277500,0;2502;v6-1;partly_checked
2025-12-06;0,0;52,56150818;13,28217888;4543500,0;3277500,0;2489;v6-1;partly_checked
2025-12-07;2,3;52,56150818;13,28217888;4543500,0;3277500,0;2505;v6-1;partly_checked
2025-12-08;7,4;52,56150818;13,28217888;4543500,0;3277500,0;2509;v6-1;partly_checked
2025-12-09;1,4;52,56150818;13,28217888;4543500,0;3277500,0;2513;v6-1;partly_checked
2025-12-10;0,2;52,56150818;13,28217888;4543500,0;3277500,0;2514;v6-1;partly_checked
2025-12-11;0,0;52,56150818;13,28217888;4543500,0;3277500,0;2527;v6-1;partly_checked
2025-12-12;0,0;52,56150818;13,28217888;4543500,0;3277500,0;2505;v6-1;partly_checked
2025-12-13;0,0;52,56150818;13,28217888;4543500,0;3277500,0;2507;v6-1;partly_checked
2025-12-14;0,0;52,56150818;13,28217888;4543500,0;3277500,0;2525;v6-1;partly_checked
2025-12-15;0,0;52,56150818;13,28217888;4543500,0;3277500,0;2525;v6-1;partly_checked
2025-12-16;0,0;52,56150818;13,28217888;4543500,0;3277500,0;2525;v6-1;partly_checked
2025-12-17;0,0;52,56150818;13,28217888;4543500,0;3277500,0;2525;v6-1;partly_checked
2025-12-18;0,0;52,56150818;13,28217888;4543500,0;3277500,0;2522;v6-1;partly_checked
2025-12-19;0,0;52,56150818;13,28217888;4543500,0;3277500,0;2506;v6-1;partly_checked
2025-12-20;0,0;52,56150818;13,28217888;4543500,0;3277500,0;2509;v6-1;partly_checked
2025-12-21;0,1;52,56150818;13,28217888;4543500,0;3277500,0;2519;v6-1;partly_checked
2025-12-22;0,0;52,56150818;13,28217888;4543500,0;3277500,0;2494;v6-1;partly_checked
2025-12-23;0,0;52,56150818;13,28217888;4543500,0;3277500,0;2475;v6-1;partly_checked
2025-12-24;0,0;52,56150818;13,28217888;4543500,0;3277500,0;2480;v6-1;partly_checked
2025-12-25;0,0;52,56150818;13,28217888;4543500,0;3277500,0;2485;v6-1;partly_checked
2025-12-26;0,0;52,56150818;13,28217888;4543500,0;3277500,0;2473;v6-1;partly_checked
2025-12-27;0,0;52,56150818;13,28217888;4543500,0;3277500,0;2463;v6-1;partly_checked
2025-12-28;0,0;52,56150818;13,28217888;4543500,0;3277500,0;2449;v6-1;partly_checked
2025-12-29;0,6;52,56150818;13,28217888;4543500,0;3277500,0;2421;v6-1;partly_checked
2025-12-30;0,0;52,56150818;13,28217888;4543500,0;3277500,0;2358;v6-1;partly_checked
2025-12-31;1,6;52,56150818;13,28217888;4543500,0;3277500,0;1967;v6-1;partly_checked
2026-01-01;0,0;52,56150818;13,28217888;4543500,0;3277500,0;2515;v6-1;partly_checked
2026-01-02;2,4;52,56150818;13,28217888;4543500,0;3277500,0;2505;v6-1;partly_checked
2026-01-03;4,9;52,56150818;13,28217888;4543500,0;3277500,0;2503;v6-1;partly_checked
2026-01-04;0,6;52,56150818;13,28217888;4543500,0;3277500,0;2515;v6-1;partly_checked
2026-01-05;0,0;52,56150818;13,28217888;4543500,0;3277500,0;2508;v6-1;partly_checked
2026-01-06;0,0;52,56150818;13,28217888;4543500,0;3277500,0;2503;v6-1;partly_checked
2026-01-07;0,0;52,56150818;13,28217888;4543500,0;3277500,0;2503;v6-1;partly_checked
2026-01-08;0,2;52,56150818;13,28217888;4543500,0;3277500,0;2515;v6-1;partly_checked
2026-01-09;0,0;52,56150818;13,28217888;4543500,0;3277500,0;2511;v6-1;partly_checked
2026-01-10;0,0;52,56150818;13,28217888;4543500,0;3277500,0;2513;v6-1;partly_checked
2026-01-11;0,0;52,56150818;13,28217888;4543500,0;3277500,0;2541;v6-1;partly_checked
2026-01-12;2,3;52,56150818;13,28217888;4543500,0;3277500,0;2543;v6-1;partly_checked
2026-01-13;0,1;52,56150818;13,28217888;4543500,0;3277500,0;2545;v6-1;partly_checked
2026-01-14;3,4;52,56150818;13,28217888;4543500,0;3277500,0;2530;v6-1;partly_checked
2026-01-15;0,0;52,56150818;13,28217888;4543500,0;3277500,0;2531;v6-1;partly_checked
2026-01-16;0,0;52,56150818;13,28217888;4543500,0;3277500,0;2539;v6-1;partly_checked
2026-01-17;0,0;52,56150818;13,28217888;4543500,0;3277500,0;2522;v6-1;partly_checked
2026-01-18;0,0;52,56150818;13,28217888;4543500,0;3277500,0;2531;v6-1;partly_checked
2026-01-19;0,0;52,56150818;13,28217888;4543500,0;3277500,0;2530;v6-1;partly_checked
2026-01-20;0,0;52,56150818;13,28217888;4543500,0;3277500,0;2531;v6-1;partly_checked
2026-01-21;0,0;52,56150818;13,28217888;4543500,0;3277500,0;2546;v6-1;partly_checked
2026-01-22;0,0;52,56150818;13,28217888;4543500,0;3277500,0;2525;v6-1;partly_checked
2026-01-23;0,0;52,56150818;13,28217888;4543500,0;3277500,0;2531;v6-1;partly_checked
2026-01-24;0,0;52,56150818;13,28217888;4543500,0;3277500,0;2530;v6-1;partly_checked
2026-01-25;6,7;52,56150818;13,28217888;4543500,0;3277500,0;2537;v6-1;partly_checked
2026-01-26;0,5;52,56150818;13,28217888;4543500,0;3277500,0;2518;v6-1;partly_checked
2026-01-27;0,0;52,56150818;13,28217888;4543500,0;3277500,0;2536;v6-1;partly_checked
2026-01-28;0,0;52,56150818;13,28217888;4543500,0;3277500,0;2532;v6-1;partly_checked
2026-01-29;0,0;52,56150818;13,28217888;4543500,0;3277500,0;2532;v6-1;partly_checked
2026-01-30;0,2;52,56150818;13,28217888;4543500,0;3277500,0;2522;v6-1;partly_checked
2026-01-31;0,0;52,56150818;13,28217888;4543500,0;3277500,0;2523;v6-1;partly_checked
2026-02-01;0,0;52,56150818;13,28217888;4543500,0;3277500,0;2535;v6-1;partly_checked
2026-02-02;0,0;52,56150818;13,28217888;4543500,0;3277500,0;2536;v6-1;partly_checked
2026-02-03;0,1;52,56150818;13,28217888;4543500,0;3277500,0;2539;v6-1;partly_checked
2026-02-04;2,2;52,56150818;13,28217888;4543500,0;3277500,0;2535;v6-1;partly_checked
2026-02-05;4,1;52,56150818;13,28217888;4543500,0;3277500,0;2536;v6-1;partly_checked
2026-02-06;0,1;52,56150818;13,28217888;4543500,0;3277500,0;2525;v6-1;partly_checked
2026-02-07;0,0;52,56150818;13,28217888;4543500,0;3277500,0;2532;v6-1;partly_checked
2026-02-08;0,0;52,56150818;13,28217888;4543500,0;3277500,0;2541;v6-1;partly_checked
2026-02-09;0,0;52,56150818;13,28217888;4543500,0;3277500,0;2540;v6-1;partly_checked
2026-02-10;0,0;52,56150818;13,28217888;4543500,0;3277500,0;2541;v6-1;partly_checked
2026-02-11;1,7;52,56150818;13,28217888;4543500,0;3277500,0;2531;v6-1;partly_checked
2026-02-12;12,9;52,56150818;13,28217888;4543500,0;3277500,0;2542;v6-1;partly_checked
2026-02-13;1,3;52,56150818;13,28217888;4543500,0;3277500,0;2533;v6-1;partly_checked
2026-02-14;0,0;52,56150818;13,28217888;4543500,0;3277500,0;2528;v6-1;partly_checked
2026-02-15;0,0;52,56150818;13,28217888;4543500,0;3277500,0;2528;v6-1;partly_checked
2026-02-16;0,0;52,56150818;13,28217888;4543500,0;3277500,0;2534;v6-1;partly_checked
2026-02-17;1,2;52,56150818;13,28217888;4543500,0;3277500,0;2535;v6-1;partly_checked
2026-02-18;0,0;52,56150818;13,28217888;4543500,0;3277500,0;2543;v6-1;partly_checked
2026-02-19;0,0;52,56150818;13,28217888;4543500,0;3277500,0;2543;v6-1;partly_checked
2026-02-20;1,1;52,56150818;13,28217888;4543500,0;3277500,0;2521;v6-1;partly_checked
2026-02-21;1,5;52,56150818;13,28217888;4543500,0;3277500,0;2522;v6-1;partly_checked
2026-02-22;7,7;52,56150818;13,28217888;4543500,0;3277500,0;2542;v6-1;partly_checked
2026-02-23;9,6;52,56150818;13,28217888;4543500,0;3277500,0;2536;v6-1;partly_checked
2026-02-24;0,0;52,56150818;13,28217888;4543500,0;3277500,0;2538;v6-1;partly_checked
2026-02-25;0,0;52,56150818;13,28217888;4543500,0;3277500,0;2544;v6-1;partly_checked
2026-02-26;0,0;52,56150818;13,28217888;4543500,0;3277500,0;2550;v6-1;partly_checked
2026-02-27;0,0;52,56150818;13,28217888;4543500,0;3277500,0;2520;v6-1;partly_checked
2026-02-28;0,0;52,56150818;13,28217888;4543500,0;3277500,0;2518;v6-1;partly_checked
2026-03-01;0,0;52,56150818;13,28217888;4543500,0;3277500,0;2516;v6-1;partly_checked
2026-03-02;0,0;52,56150818;13,28217888;4543500,0;3277500,0;2517;v6-1;partly_checked
2026-03-03;0,0;52,56150818;13,28217888;4543500,0;3277500,0;2524;v6-1;partly_checked
2026-03-04;0,0;52,56150818;13,28217888;4543500,0;3277500,0;2526;v6-1;partly_checked
2026-03-05;0,0;52,56150818;13,28217888;4543500,0;3277500,0;2532;v6-1;partly_checked
2026-03-06;0,0;52,56150818;13,28217888;4543500,0;3277500,0;2431;v6-1;partly_checked
2026-03-07;0,0;52,56150818;13,28217888;4543500,0;3277500,0;2506;v6-1;partly_checked
2026-03-08;0,0;52,56150818;13,28217888;4543500,0;3277500,0;2515;v6-1;partly_checked
2026-03-09;0,0;52,56150818;13,28217888;4543500,0;3277500,0;2527;v6-1;partly_checked
2026-03-10;0,0;52,56150818;13,28217888;4543500,0;3277500,0;2497;v6-1;partly_checked
2026-03-11;0,0;52,56150818;13,28217888;4543500,0;3277500,0;2525;v6-1;partly_checked
2026-03-12;0,0;52,56150818;13,28217888;4543500,0;3277500,0;2527;v6-1;partly_checked
2026-03-13;0,7;52,56150818;13,28217888;4543500,0;3277500,0;2512;v6-1;partly_checked
2026-03-14;0,4;52,56150818;13,28217888;4543500,0;3277500,0;2499;v6-1;partly_checked
2026-03-15;0,0;52,56150818;13,28217888;4543500,0;3277500,0;2506;v6-1;partly_checked
2026-03-16;1,7;52,56150818;13,28217888;4543500,0;3277500,0;2500;v6-1;partly_checked
2026-03-17;0,0;52,56150818;13,28217888;4543500,0;3277500,0;2522;v6-1;partly_checked
2026-03-18;0,0;52,56150818;13,28217888;4543500,0;3277500,0;2515;v6-1;partly_checked
2026-03-19;0,1;52,56150818;13,28217888;4543500,0;3277500,0;2518;v6-1;partly_checked
2026-03-20;0,0;52,56150818;13,28217888;4543500,0;3277500,0;2506;v6-1;partly_checked
2026-03-21;0,0;52,56150818;13,28217888;4543500,0;3277500,0;2505;v6-1;partly_checked
2026-03-22;0,0;52,56150818;13,28217888;4543500,0;3277500,0;2526;v6-1;partly_checked
2026-03-23;0,0;52,56150818;13,28217888;4543500,0;3277500,0;2529;v6-1;partly_checked
2026-03-24;0,0;52,56150818;13,28217888;4543500,0;3277500,0;2526;v6-1;partly_checked
2026-03-25;0,6;52,56150818;13,28217888;4543500,0;3277500,0;2511;v6-1;partly_checked
2026-03-26;0,9;52,56150818;13,28217888;4543500,0;3277500,0;2515;v6-1;partly_checked
2026-03-27;0,0;52,56150818;13,28217888;4543500,0;3277500,0;2507;v6-1;partly_checked
2026-03-28;1,3;52,56150818;13,28217888;4543500,0;3277500,0;2504;v6-1;partly_checked
2026-03-29;0,1;52,56150818;13,28217888;4543500,0;3277500,0;2514;v6-1;partly_checked
2026-03-30;3,7;52,56150818;13,28217888;4543500,0;3277500,0;2507;v6-1;partly_checked
2026-03-31;3,4;52,56150818;13,28217888;4543500,0;3277500,0;2509;v6-1;partly_checked
2026-04-01;0,0;52,56150818;13,28217888;4543500,0;3277500,0;2526;v6-1;partly_checked
2026-04-02;0,0;52,56150818;13,28217888;4543500,0;3277500,0;2515;v6-1;partly_checked
2026-04-03;0,9;52,56150818;13,28217888;4543500,0;3277500,0;2520;v6-1;partly_checked
2026-04-04;0,1;52,56150818;13,28217888;4543500,0;3277500,0;2514;v6-1;partly_checked
2026-04-05;3,9;52,56150818;13,28217888;4543500,0;3277500,0;2515;v6-1;partly_checked
2026-04-06;0,0;52,56150818;13,28217888;4543500,0;3277500,0;2530;v6-1;partly_checked
2026-04-07;0,0;52,56150818;13,28217888;4543500,0;3277500,0;2523;v6-1;partly_checked
2026-04-08;0,0;52,56150818;13,28217888;4543500,0;3277500,0;2529;v6-1;partly_checked
2026-04-09;0,0;52,56150818;13,28217888;4543500,0;3277500,0;2529;v6-1;partly_checked
2026-04-10;0,0;52,56150818;13,28217888;4543500,0;3277500,0;2518;v6-1;partly_checked
2026-04-11;0,0;52,56150818;13,28217888;4543500,0;3277500,0;2514;v6-1;partly_checked
2026-04-12;0,1;52,56150818;13,28217888;4543500,0;3277500,0;2525;v6-1;partly_checked
2026-04-13;0,0;52,56150818;13,28217888;4543500,0;3277500,0;2522;v6-1;partly_checked
2026-04-14;0,0;52,56150818;13,28217888;4543500,0;3277500,0;2525;v6-1;partly_checked
2026-04-15;0,0;52,56150818;13,28217888;4543500,0;3277500,0;2527;v6-1;partly_checked
2026-04-16;1,3;52,56150818;13,28217888;4543500,0;3277500,0;2525;v6-1;partly_checked
2026-04-17;0,0;52,56150818;13,28217888;4543500,0;3277500,0;2522;v6-1;partly_checked
2026-04-18;0,2;52,56150818;13,28217888;4543500,0;3277500,0;2507;v6-1;partly_checked
2026-04-19;40,7;52,56150818;13,28217888;4543500,0;3277500,0;2515;v6-1;partly_checked
2026-04-20;5,4;52,56150818;13,28217888;4543500,0;3277500,0;2525;v6-1;partly_checked
2026-04-21;0,0;52,56150818;13,28217888;4543500,0;3277500,0;2519;v6-1;partly_checked
2026-04-22;0,0;52,56150818;13,28217888;4543500,0;3277500,0;2516;v6-1;partly_checked
2026-04-23;0,0;52,56150818;13,28217888;4543500,0;3277500,0;2519;v6-1;partly_checked
2026-04-24;0,0;52,56150818;13,28217888;4543500,0;3277500,0;2524;v6-1;partly_checked
2026-04-25;0,0;52,56150818;13,28217888;4543500,0;3277500,0;2524;v6-1;partly_checked
2026-04-26;0,0;52,56150818;13,28217888;4543500,0;3277500,0;2526;v6-1;partly_checked
2026-04-27;0,0;52,56150818;13,28217888;4543500,0;3277500,0;2530;v6-1;partly_checked
2026-04-28;0,0;52,56150818;13,28217888;4543500,0;3277500,0;2526;v6-1;partly_checked
2026-04-29;0,0;52,56150818;13,28217888;4543500,0;3277500,0;2536;v6-1;partly_checked
2026-04-30;0,0;52,56150818;13,28217888;4543500,0;3277500,0;2519;v6-1;partly_checked
2026-05-01;0,0;52,56150818;13,28217888;4543500,0;3277500,0;2514;v6-1;partly_checked
2026-05-02;0,0;52,56150818;13,28217888;4543500,0;3277500,0;2497;v6-1;partly_checked
2026-05-03;0,0;52,56150818;13,28217888;4543500,0;3277500,0;2511;v6-1;partly_checked
2026-05-04;0,0;52,56150818;13,28217888;4543500,0;3277500,0;2506;v6-1;partly_checked
2026-05-05;11,4;52,56150818;13,28217888;4543500,0;3277500,0;2500;v6-1;partly_checked
2026-05-06;10,7;52,56150818;13,28217888;4543500,0;3277500,0;2490;v6-1;partly_checked
2026-05-07;0,0;52,56150818;13,28217888;4543500,0;3277500,0;2507;v6-1;partly_checked
2026-05-08;0,0;52,56150818;13,28217888;4543500,0;3277500,0;2502;v6-1;partly_checked
2026-05-09;0,0;52,56150818;13,28217888;4543500,0;3277500,0;2499;v6-1;partly_checked
2026-05-10;0,1;52,56150818;13,28217888;4543500,0;3277500,0;2501;v6-1;partly_checked
2026-05-11;0,6;52,56150818;13,28217888;4543500,0;3277500,0;2490;v6-1;partly_checked
2026-05-12;2,6;52,56150818;13,28217888;4543500,0;3277500,0;2500;v6-1;partly_checked
2026-05-13;3,0;52,56150818;13,28217888;4543500,0;3277500,0;2490;v6-1;partly_checked
2026-05-14;1,9;52,56150818;13,28217888;4543500,0;3277500,0;2505;v6-1;partly_checked
2026-05-15;0,0;52,56150818;13,28217888;4543500,0;3277500,0;2500;v6-1;partly_checked
2026-05-16;0,0;52,56150818;13,28217888;4543500,0;3277500,0;2497;v6-1;partly_checked
2026-05-17;0,0;52,56150818;13,28217888;4543500,0;3277500,0;2512;v6-1;partly_checked
2026-05-18;0,0;52,56150818;13,28217888;4543500,0;3277500,0;2512;v6-1;partly_checked
2026-05-19;0,4;52,56150818;13,28217888;4543500,0;3277500,0;2511;v6-1;partly_checked
2026-05-20;5,1;52,56150818;13,28217888;4543500,0;3277500,0;2506;v6-1;partly_checked
2026-05-21;0,0;52,56150818;13,28217888;4543500,0;3277500,0;2514;v6-1;partly_checked
2026-05-22;0,0;52,56150818;13,28217888;4543500,0;3277500,0;2498;v6-1;partly_checked
2026-05-23;0,0;52,56150818;13,28217888;4543500,0;3277500,0;2495;v6-1;partly_checked
2026-05-24;0,0;52,56150818;13,28217888;4543500,0;3277500,0;2497;v6-1;partly_checked
2026-05-25;0,0;52,56150818;13,28217888;4543500,0;3277500,0;2507;v6-1;partly_checked
2026-05-26;0,0;52,56150818;13,28217888;4543500,0;3277500,0;2520;v6-1;partly_checked
2026-05-27;0,0;52,56150818;13,28217888;4543500,0;3277500,0;2520;v6-1;partly_checked
2026-05-28;0,0;52,56150818;13,28217888;4543500,0;3277500,0;2509;v6-1;partly_checked
2026-05-29;0,0;52,56150818;13,28217888;4543500,0;3277500,0;2498;v6-1;partly_checked
2026-05-30;0,0;52,56150818;13,28217888;4543500,0;3277500,0;2499;v6-1;partly_checked
2026-05-31;0,7;52,56150818;13,28217888;4543500,0;3277500,0;2495;v6-1;partly_checked
2026-06-01;0,0;52,56150818;13,28217888;4543500,0;3277500,0;2511;v6-1;partly_checked
2026-06-02;3,2;52,56150818;13,28217888;4543500,0;3277500,0;2498;v6-1;partly_checked
2026-06-03;1,0;52,56150818;13,28217888;4543500,0;3277500,0;2503;v6-1;partly_checked
2026-06-04;2,6;52,56150818;13,28217888;4543500,0;3277500,0;2501;v6-1;partly_checked
2026-06-05;0,0;52,56150818;13,28217888;4543500,0;3277500,0;2492;v6-1;partly_checked
2026-06-06;0,9;52,56150818;13,28217888;4543500,0;3277500,0;2492;v6-1;partly_checked
2026-06-07;0,1;52,56150818;13,28217888;4543500,0;3277500,0;2507;v6-1;partly_checked
2026-06-08;0,0;52,56150818;13,28217888;4543500,0;3277500,0;2501;v6-1;partly_checked
2026-06-09;0,1;52,56150818;13,28217888;4543500,0;3277500,0;2498;v6-1;partly_checked
2026-06-10;3,3;52,56150818;13,28217888;4543500,0;3277500,0;2505;v6-1;partly_checked
2026-06-11;1,5;52,56150818;13,28217888;4543500,0;3277500,0;2501;v6-1;partly_checked
2026-06-12;1,9;52,56150818;13,28217888;4543500,0;3277500,0;2494;v6-1;partly_checked
2026-06-13;1,0;52,56150818;13,28217888;4543500,0;3277500,0;2499;v6-1;partly_checked
2026-06-14;3,1;52,56150818;13,28217888;4543500,0;3277500,0;2501;v6-1;partly_checked
2026-06-15;0,0;52,56150818;13,28217888;4543500,0;3277500,0;2500;v6-1;partly_checked
2026-06-16;0,0;52,56150818;13,28217888;4543500,0;3277500,0;2508;v6-1;partly_checked
2026-06-17;0,0;52,56150818;13,28217888;4543500,0;3277500,0;2515;v6-1;partly_checked
2026-06-18;0,0;52,56150818;13,28217888;4543500,0;3277500,0;2516;v6-1;partly_checked
2026-06-19;0,0;52,56150818;13,28217888;4543500,0;3277500,0;2490;v6-1;partly_checked
2026-06-20;0,0;52,56150818;13,28217888;4543500,0;3277500,0;2491;v6-1;partly_checked
2026-06-21;14,9;52,56150818;13,28217888;4543500,0;3277500,0;2509;v6-1;partly_checked
2026-06-22;0,0;52,56150818;13,28217888;4543500,0;3277500,0;2517;v6-1;partly_checked
2026-06-23;0,0;52,56150818;13,28217888;4543500,0;3277500,0;2517;v6-1;partly_checked
2026-06-24;0,0;52,56150818;13,28217888;4543500,0;3277500,0;2516;v6-1;partly_checked
2026-06-25;0,0;52,56150818;13,28217888;4543500,0;3277500,0;2518;v6-1;partly_checked
2026-06-26;0,0;52,56150818;13,28217888;4543500,0;3277500,0;2508;v6-1;partly_checked
2026-06-27;1,7;52,56150818;13,28217888;4543500,0;3277500,0;2486;v6-1;partly_checked
2026-06-28;0,0;52,56150818;13,28217888;4543500,0;3277500,0;2498;v6-1;partly_checked
2026-06-29;0,7;52,56150818;13,28217888;4543500,0;3277500,0;2500;v6-1;partly_checked
2026-06-30;0,0;52,56150818;13,28217888;4543500,0;3277500,0;2507;v6-1;partly_checked
2026-07-01;0,7;52,56150818;13,28217888;4543500,0;3277500,0;2509;v6-1;partly_checked
2026-07-02;0,9;52,56150818;13,28217888;4543500,0;3277500,0;2510;v6-1;partly_checked
2026-07-03;0,0;52,56150818;13,28217888;4543500,0;3277500,0;2507;v6-1;partly_checked
2026-07-04;2,5;52,56150818;13,28217888;4543500,0;3277500,0;2503;v6-1;partly_checked
2026-07-05;0,0;52,56150818;13,28217888;4543500,0;3277500,0;2513;v6-1;partly_checked
2026-07-06;7,4;52,56150818;13,28217888;4543500,0;3277500,0;2514;v6-1;partly_checked
2026-07-07;1,3;52,56150818;13,28217888;4543500,0;3277500,0;2517;v6-1;partly_checked
2026-07-08;0,0;52,56150818;13,28217888;4543500,0;3277500,0;2518;v6-1;partly_checked
2026-07-09;0,0;52,56150818;13,28217888;4543500,0;3277500,0;2518;v6-1;partly_checked
2026-07-10;0,0;52,56150818;13,28217888;4543500,0;3277500,0;2510;v6-1;partly_checked
2026-07-11;0,0;52,56150818;13,28217888;4543500,0;3277500,0;2508;v6-1;partly_checked
2026-07-12;0,0;52,56150818;13,28217888;4543500,0;3277500,0;2517;v6-1;partly_checked
2026-07-13;0,0;52,56150818;13,28217888;4543500,0;3277500,0;2505;v6-1;partly_checked
2026-07-14;0,2;52,56150818;13,28217888;4543500,0;3277500,0;2502;v6-1;partly_checked
2026-07-15;0,0;52,56150818;13,28217888;4543500,0;3277500,0;2509;v6-1;partly_checked
2026-07-16;0,0;52,56150818;13,28217888;4543500,0;3277500,0;2511;v6-1;partly_checked
2026-07-17;11,0;52,56150818;13,28217888;4543500,0;3277500,0;2494;v6-1;partly_checked
2026-07-18;0,0;52,56150818;13,28217888;4543500,0;3277500,0;2502;v6-1;partly_checked
2026-07-19;1,2;52,56150818;13,28217888;4543500,0;3277500,0;2510;v6-1;partly_checked
2026-07-20;0,0;52,56150818;13,28217888;4543500,0;3277500,0;2515;v6-1;partly_checked
2026-07-21;0,0;52,56150818;13,28217888;4543500,0;3277500,0;2518;v6-1;partly_checked
2026-07-22;0,8;52,56150818;13,28217888;4543500,0;3277500,0;2514;v6-1;partly_checked
2026-07-23;4,4;52,56150818;13,28217888;4543500,0;3277500,0;2516;v6-1;partly_checked
2026-07-24;0,0;52,56150818;13,28217888;4543500,0;3277500,0;2507;v6-1;partly_checked
2026-07-25;0,0;52,56150818;13,28217888;4543500,0;3277500,0;2507;v6-1;partly_checked
2026-07-26;12,7;52,56150818;13,28217888;4543500,0;3277500,0;2507;v6-1;partly_checked
2026-07-27;0,0;52,56150818;13,28217888;4543500,0;3277500,0;2504;v6-1;partly_checked
2026-07-28;0,0;52,56150818;13,28217888;4543500,0;3277500,0;2514;v6-1;partly_checked
2026-07-29;0,0;52,56150818;13,28217888;4543500,0;3277500,0;2511;v6-1;partly_checked
2026-07-30;0,0;52,56150818;13,28217888;4543500,0;3277500,0;2507;v6-1;partly_checked
2026-07-31;9,5;52,56150818;13,28217888;4543500,0;3277500,0;2493;v6-1;partly_checked
2026-08-01;8,4;52,56150818;13,28217888;4543500,0;3277500,0;2501;v6-1;partly_checked
2026-08-02;0,0;52,56150818;13,28217888;4543500,0;3277500,0;2510;v6-1;partly_checked
2026-08-03;0,0;52,56150818;13,28217888;4543500,0;3277500,0;2506;v6-1;partly_checked
2026-08-04;10,6;52,56150818;13,28217888;4543500,0;3277500,0;2508;v6-1;partly_checked
2026-08-05;0,0;52,56150818;13,28217888;4543500,0;3277500,0;2517;v6-1;partly_checked
2026-08-06;0,0;52,56150818;13,28217888;4543500,0;3277500,0;2516;v6-1;partly_checked
2026-08-07;0,0;52,56150818;13,28217888;4543500,0;3277500,0;2508;v6-1;partly_checked
2026-08-08;0,0;52,56150818;13,28217888;4543500,0;3277500,0;2509;v6-1;partly_checked
2026-08-09;0,5;52,56150818;13,28217888;4543500,0;3277500,0;2520;v6-1;partly_checked
2026-08-10;0,0;52,56150818;13,28217888;4543500,0;3277500,0;2519;v6-1;partly_checked
2026-08-11;0,0;52,56150818;13,28217888;4543500,0;3277500,0;2521;v6-1;partly_checked
2026-08-12;0,0;52,56150818;13,28217888;4543500,0;3277500,0;2522;v6-1;partly_checked
2026-08-13;0,0;52,56150818;13,28217888;4543500,0;3277500,0;2522;v6-1;partly_checked
2026-08-14;0,0;52,56150818;13,28217888;4543500,0;3277500,0;2511;v6-1;partly_checked
2026-08-15;9,7;52,56150818;13,28217888;4543500,0;3277500,0;2509;v6-1;partly_checked
2026-08-16;3,0;52,56150818;13,28217888;4543500,0;3277500,0;2515;v6-1;partly_checked
2026-08-17;0,3;52,56150818;13,28217888;4543500,0;3277500,0;2508;v6-1;partly_checked
2026-08-18;0,1;52,56150818;13,28217888;4543500,0;3277500,0;2508;v6-1;partly_checked
2026-08-19;8,4;52,56150818;13,28217888;4543500,0;3277500,0;2481;v6-1;partly_checked
2026-08-20;0,0;52,56150818;13,28217888;4543500,0;3277500,0;2509;v6-1;partly_checked
2026-08-21;2,7;52,56150818;13,28217888;4543500,0;3277500,0;2490;v6-1;partly_checked
2026-08-22;0,0;52,56150818;13,28217888;4543500,0;3277500,0;2492;v6-1;partly_checked
2026-08-23;0,1;52,56150818;13,28217888;4543500,0;3277500,0;2511;v6-1;partly_checked
2026-08-24;0,0;52,56150818;13,28217888;4543500,0;3277500,0;2511;v6-1;partly_checked
2026-08-25;0,0;52,56150818;13,28217888;4543500,0;3277500,0;2504;v6-1;partly_checked
2026-08-26;0,0;52,56150818;13,28217888;4543500,0;3277500,0;2510;v6-1;partly_checked
2026-08-27;0,0;52,56150818;13,28217888;4543500,0;3277500,0;2497;v6-1;partly_checked
2026-08-28;0,0;52,56150818;13,28217888;4543500,0;3277500,0;2482;v6-1;partly_checked
2026-08-29;0,2;52,56150818;13,28217888;4543500,0;3277500,0;2491;v6-1;partly_checked
2026-08-30;0,0;52,56150818;13,28217888;4543500,0;3277500,0;2494;v6-1;partly_checked
2026-08-31;5,7;52,56150818;13,28217888;4543500,0;3277500,0;2494;v6-1;partly_checked
2026-09-01;0,0;52,56150818;13,28217888;4543500,0;3277500,0;2432;v6-1;partly_checked
2026-09-02;0,7;52,56150818;13,28217888;4543500,0;3277500,0;2408;v6-1;partly_checked
2026-09-03;0,3;52,56150818;13,28217888;4543500,0;3277500,0;2431;v6-1;partly_checked
2026-09-04;6,6;52,56150818;13,28217888;4543500,0;3277500,0;2419;v6-1;partly_checked
2026-09-05;1,3;52,56150818;13,28217888;4543500,0;3277500,0;1981;v6-1;partly_checked
2026-09-06;0,0;52,56150818;13,28217888;4543500,0;3277500,0;2390;v6-1;partly_checked
2026-09-07;0,6;52,56150818;13,28217888;4543500,0;3277500,0;2464;v6-1;partly_checked
2026-09-08;0,0;52,56150818;13,28217888;4543500,0;3277500,0;2468;v6-1;partly_checked
2026-09-09;0,0;52,56150818;13,28217888;4543500,0;3277500,0;2446;v6-1;partly_checked
2026-09-10;0,0;52,56150818;13,28217888;4543500,0;3277500,0;2428;v6-1;partly_checked
2026-09-11;0,0;52,56150818;13,28217888;4543500,0;3277500,0;2360;v6-1;partly_checked
2026-09-12;0,0;52,56150818;13,28217888;4543500,0;3277500,0;2382;v6-1;partly_checked
2026-09-13;5,5;52,56150818;13,28217888;4543500,0;3277500,0;2233;v6-1;partly_checked
2026-09-14;0,0;52,56150818;13,28217888;4543500,0;3277500,0;2426;v6-1;partly_checked
2026-09-15;0,0;52,56150818;13,28217888;4543500,0;3277500,0;2426;v6-1;partly_checked
2026-09-16;8,8;52,56150818;13,28217888;4543500,0;3277500,0;2456;v6-1;partly_checked
2026-09-17;0,0;52,56150818;13,28217888;4543500,0;3277500,0;2415;v6-1;partly_checked
2026-09-18;0,0;52,56150818;13,28217888;4543500,0;3277500,0;2352;v6-1;partly_checked
2026-09-19;0,0;52,56150818;13,28217888;4543500,0;3277500,0;2163;v6-1;partly_checked
2026-09-20;3,0;52,56150818;13,28217888;4543500,0;3277500,0;2406;v6-1;partly_checked
2026-09-21;0,1;52,56150818;13,28217888;4543500,0;3277500,0;2425;v6-1;partly_checked
2026-09-22;0,0;52,56150818;13,28217888;4543500,0;3277500,0;2432;v6-1;partly_checked
